{
  "Get playerA_Vs_playerB" : {
    "transaction" : "Get playerA_Vs_playerB",
    "sampleCount" : 3193,
    "errorCount" : 225,
    "errorPct" : 7.0466647,
    "meanResTime" : 2855.905731287187,
    "medianResTime" : 2812.0,
    "minResTime" : 1.0,
    "maxResTime" : 8624.0,
    "pct1ResTime" : 4618.6,
    "pct2ResTime" : 4822.299999999999,
    "pct3ResTime" : 6315.299999999999,
    "throughput" : 2.7073914414888027,
    "receivedKBytesPerSec" : 3.204732295065391,
    "sentKBytesPerSec" : 0.8924251890213708
  },
  "Get tournamnent list " : {
    "transaction" : "Get tournamnent list ",
    "sampleCount" : 3198,
    "errorCount" : 177,
    "errorPct" : 5.534709,
    "meanResTime" : 3198.1835522201377,
    "medianResTime" : 3341.0,
    "minResTime" : 0.0,
    "maxResTime" : 9183.0,
    "pct1ResTime" : 5104.2,
    "pct2ResTime" : 5450.0,
    "pct3ResTime" : 6839.129999999997,
    "throughput" : 2.7658665430473657,
    "receivedKBytesPerSec" : 150.55202785753235,
    "sentKBytesPerSec" : 0.9925516862120947
  },
  "Get Players schedule" : {
    "transaction" : "Get Players schedule",
    "sampleCount" : 3195,
    "errorCount" : 205,
    "errorPct" : 6.4162755,
    "meanResTime" : 3194.6312989045414,
    "medianResTime" : 3235.0,
    "minResTime" : 1.0,
    "maxResTime" : 8797.0,
    "pct1ResTime" : 4921.0,
    "pct2ResTime" : 5093.2,
    "pct3ResTime" : 6593.4,
    "throughput" : 2.707012305679727,
    "receivedKBytesPerSec" : 13.625857908966438,
    "sentKBytesPerSec" : 0.8838481890341854
  },
  "Get Home page country " : {
    "transaction" : "Get Home page country ",
    "sampleCount" : 3198,
    "errorCount" : 40,
    "errorPct" : 1.2507818,
    "meanResTime" : 2844.860537836149,
    "medianResTime" : 2955.0,
    "minResTime" : 1.0,
    "maxResTime" : 12064.0,
    "pct1ResTime" : 4671.1,
    "pct2ResTime" : 4850.049999999999,
    "pct3ResTime" : 6416.119999999997,
    "throughput" : 2.775567025430547,
    "receivedKBytesPerSec" : 46.28905673655417,
    "sentKBytesPerSec" : 0.8567870772098869
  },
  "Get Break list " : {
    "transaction" : "Get Break list ",
    "sampleCount" : 3195,
    "errorCount" : 209,
    "errorPct" : 6.541471,
    "meanResTime" : 2936.5179968701095,
    "medianResTime" : 2943.0,
    "minResTime" : 1.0,
    "maxResTime" : 14104.0,
    "pct1ResTime" : 4664.0,
    "pct2ResTime" : 4861.799999999999,
    "pct3ResTime" : 6273.599999999999,
    "throughput" : 2.706434452614102,
    "receivedKBytesPerSec" : 8.122263189632536,
    "sentKBytesPerSec" : 0.8828149155139261
  },
  "Get Home page currency" : {
    "transaction" : "Get Home page currency",
    "sampleCount" : 3195,
    "errorCount" : 207,
    "errorPct" : 6.4788733,
    "meanResTime" : 2764.4419405320787,
    "medianResTime" : 2876.0,
    "minResTime" : 0.0,
    "maxResTime" : 14452.0,
    "pct1ResTime" : 4672.0,
    "pct2ResTime" : 4968.2,
    "pct3ResTime" : 6299.2,
    "throughput" : 2.7572411019644156,
    "receivedKBytesPerSec" : 23.431257676532468,
    "sentKBytesPerSec" : 0.8086021135504377
  },
  "Get single knockout Player details" : {
    "transaction" : "Get single knockout Player details",
    "sampleCount" : 3193,
    "errorCount" : 75,
    "errorPct" : 2.3488882,
    "meanResTime" : 2845.0892577513278,
    "medianResTime" : 2870.0,
    "minResTime" : 1.0,
    "maxResTime" : 12611.0,
    "pct1ResTime" : 4562.0,
    "pct2ResTime" : 4737.299999999999,
    "pct3ResTime" : 6320.0599999999995,
    "throughput" : 2.705900099490345,
    "receivedKBytesPerSec" : 3.210048646668599,
    "sentKBytesPerSec" : 0.8507479837103629
  },
  "Get knockout players list " : {
    "transaction" : "Get knockout players list ",
    "sampleCount" : 3193,
    "errorCount" : 37,
    "errorPct" : 1.1587849,
    "meanResTime" : 3001.2881302849914,
    "medianResTime" : 3056.0,
    "minResTime" : 1.0,
    "maxResTime" : 8211.0,
    "pct1ResTime" : 4631.6,
    "pct2ResTime" : 4815.0,
    "pct3ResTime" : 6373.139999999999,
    "throughput" : 2.705748762795743,
    "receivedKBytesPerSec" : 12.069474368263169,
    "sentKBytesPerSec" : 0.8879827003254017
  },
  "Total" : {
    "transaction" : "Total",
    "sampleCount" : 35147,
    "errorCount" : 1656,
    "errorPct" : 4.71164,
    "meanResTime" : 2756.835234870676,
    "medianResTime" : 2864.0,
    "minResTime" : 0.0,
    "maxResTime" : 64928.0,
    "pct1ResTime" : 4722.0,
    "pct2ResTime" : 5003.0,
    "pct3ResTime" : 6537.980000000003,
    "throughput" : 29.707999952666004,
    "receivedKBytesPerSec" : 284.98115614291737,
    "sentKBytesPerSec" : 9.539800462636993
  },
  "Get Players list " : {
    "transaction" : "Get Players list ",
    "sampleCount" : 3195,
    "errorCount" : 219,
    "errorPct" : 6.8544602,
    "meanResTime" : 2880.311111111114,
    "medianResTime" : 2797.0,
    "minResTime" : 0.0,
    "maxResTime" : 64928.0,
    "pct1ResTime" : 4656.4,
    "pct2ResTime" : 4845.2,
    "pct3ResTime" : 6285.879999999997,
    "throughput" : 2.7119915864599045,
    "receivedKBytesPerSec" : 8.148145929073568,
    "sentKBytesPerSec" : 0.8771672391098045
  },
  "Home page " : {
    "transaction" : "Home page ",
    "sampleCount" : 3199,
    "errorCount" : 66,
    "errorPct" : 2.0631447,
    "meanResTime" : 742.6305095342299,
    "medianResTime" : 325.0,
    "minResTime" : 111.0,
    "maxResTime" : 11616.0,
    "pct1ResTime" : 1294.0,
    "pct2ResTime" : 3443.0,
    "pct3ResTime" : 8893.0,
    "throughput" : 2.7861339539064227,
    "receivedKBytesPerSec" : 8.20205299653105,
    "sentKBytesPerSec" : 0.8233920519519486
  },
  "Get tournament result" : {
    "transaction" : "Get tournament result",
    "sampleCount" : 3193,
    "errorCount" : 196,
    "errorPct" : 6.1384277,
    "meanResTime" : 3063.814594425298,
    "medianResTime" : 3005.0,
    "minResTime" : 1.0,
    "maxResTime" : 10362.0,
    "pct1ResTime" : 4839.0,
    "pct2ResTime" : 5015.599999999999,
    "pct3ResTime" : 6553.42,
    "throughput" : 2.7063037467855757,
    "receivedKBytesPerSec" : 13.644879271825879,
    "sentKBytesPerSec" : 0.8866766163024077
  }
}