{
  "Get playerA_Vs_playerB" : {
    "transaction" : "Get playerA_Vs_playerB",
    "sampleCount" : 800,
    "errorCount" : 0,
    "errorPct" : 0.0,
    "meanResTime" : 2260.651250000002,
    "medianResTime" : 2168.0,
    "minResTime" : 145.0,
    "maxResTime" : 6217.0,
    "pct1ResTime" : 3951.4999999999995,
    "pct2ResTime" : 4134.849999999999,
    "pct3ResTime" : 5189.840000000001,
    "throughput" : 9.655189060670795,
    "receivedKBytesPerSec" : 11.682401607588979,
    "sentKBytesPerSec" : 3.215253388367911
  },
  "Get tournamnent list " : {
    "transaction" : "Get tournamnent list ",
    "sampleCount" : 800,
    "errorCount" : 0,
    "errorPct" : 0.0,
    "meanResTime" : 2769.7337500000026,
    "medianResTime" : 2665.0,
    "minResTime" : 497.0,
    "maxResTime" : 8451.0,
    "pct1ResTime" : 4510.8,
    "pct2ResTime" : 4719.75,
    "pct3ResTime" : 6089.68,
    "throughput" : 11.593026794383178,
    "receivedKBytesPerSec" : 666.3386504267683,
    "sentKBytesPerSec" : 4.403991624038141
  },
  "Get Players schedule" : {
    "transaction" : "Get Players schedule",
    "sampleCount" : 800,
    "errorCount" : 0,
    "errorPct" : 0.0,
    "meanResTime" : 2693.2699999999986,
    "medianResTime" : 2913.0,
    "minResTime" : 279.0,
    "maxResTime" : 8006.0,
    "pct1ResTime" : 4165.7,
    "pct2ResTime" : 4349.849999999999,
    "pct3ResTime" : 5739.830000000001,
    "throughput" : 9.888507082643198,
    "receivedKBytesPerSec" : 52.53365955106178,
    "sentKBytesPerSec" : 3.263979876888087
  },
  "Get Home page country " : {
    "transaction" : "Get Home page country ",
    "sampleCount" : 800,
    "errorCount" : 0,
    "errorPct" : 0.0,
    "meanResTime" : 2191.87875,
    "medianResTime" : 2135.0,
    "minResTime" : 185.0,
    "maxResTime" : 8056.0,
    "pct1ResTime" : 3768.9,
    "pct2ResTime" : 4261.349999999999,
    "pct3ResTime" : 5965.480000000003,
    "throughput" : 12.454269479255858,
    "receivedKBytesPerSec" : 210.02091319957967,
    "sentKBytesPerSec" : 3.8919592122674556
  },
  "Get Break list " : {
    "transaction" : "Get Break list ",
    "sampleCount" : 800,
    "errorCount" : 0,
    "errorPct" : 0.0,
    "meanResTime" : 2534.0012500000016,
    "medianResTime" : 2869.5,
    "minResTime" : 132.0,
    "maxResTime" : 7660.0,
    "pct1ResTime" : 4063.9,
    "pct2ResTime" : 4233.9,
    "pct3ResTime" : 5828.010000000004,
    "throughput" : 10.283966011492332,
    "receivedKBytesPerSec" : 32.3181666259593,
    "sentKBytesPerSec" : 3.3945122186371175
  },
  "Get Home page currency" : {
    "transaction" : "Get Home page currency",
    "sampleCount" : 800,
    "errorCount" : 0,
    "errorPct" : 0.0,
    "meanResTime" : 2312.522500000002,
    "medianResTime" : 2256.5,
    "minResTime" : 103.0,
    "maxResTime" : 6146.0,
    "pct1ResTime" : 4015.2,
    "pct2ResTime" : 4171.9,
    "pct3ResTime" : 5344.72,
    "throughput" : 11.177555468619014,
    "receivedKBytesPerSec" : 99.97230444080786,
    "sentKBytesPerSec" : 3.5039016654557646
  },
  "Get single knockout Player details" : {
    "transaction" : "Get single knockout Player details",
    "sampleCount" : 800,
    "errorCount" : 0,
    "errorPct" : 0.0,
    "meanResTime" : 2365.0387499999965,
    "medianResTime" : 2482.0,
    "minResTime" : 102.0,
    "maxResTime" : 6068.0,
    "pct1ResTime" : 3940.7999999999997,
    "pct2ResTime" : 4094.0,
    "pct3ResTime" : 4870.280000000001,
    "throughput" : 9.655655196552932,
    "receivedKBytesPerSec" : 11.409514441239304,
    "sentKBytesPerSec" : 3.0739683535900935
  },
  "Get knockout players list " : {
    "transaction" : "Get knockout players list ",
    "sampleCount" : 800,
    "errorCount" : 0,
    "errorPct" : 0.0,
    "meanResTime" : 2430.3975000000005,
    "medianResTime" : 2593.0,
    "minResTime" : 109.0,
    "maxResTime" : 6239.0,
    "pct1ResTime" : 3931.8,
    "pct2ResTime" : 4109.499999999999,
    "pct3ResTime" : 5606.270000000003,
    "throughput" : 9.760382606998194,
    "receivedKBytesPerSec" : 43.81698110222171,
    "sentKBytesPerSec" : 3.240752037479869
  },
  "Total" : {
    "transaction" : "Total",
    "sampleCount" : 8800,
    "errorCount" : 0,
    "errorPct" : 0.0,
    "meanResTime" : 2276.4181818181805,
    "medianResTime" : 2299.5,
    "minResTime" : 102.0,
    "maxResTime" : 8451.0,
    "pct1ResTime" : 4025.0,
    "pct2ResTime" : 4235.0,
    "pct3ResTime" : 5344.909999999998,
    "throughput" : 102.60835092056014,
    "receivedKBytesPerSec" : 1026.4389126867063,
    "sentKBytesPerSec" : 33.68658395811713
  },
  "Get Players list " : {
    "transaction" : "Get Players list ",
    "sampleCount" : 800,
    "errorCount" : 0,
    "errorPct" : 0.0,
    "meanResTime" : 2473.898749999999,
    "medianResTime" : 2732.5,
    "minResTime" : 128.0,
    "maxResTime" : 7761.0,
    "pct1ResTime" : 4067.6,
    "pct2ResTime" : 4221.0999999999985,
    "pct3ResTime" : 5346.150000000001,
    "throughput" : 10.720555324765824,
    "receivedKBytesPerSec" : 33.69018265146134,
    "sentKBytesPerSec" : 3.5386208005574686
  },
  "Home page " : {
    "transaction" : "Home page ",
    "sampleCount" : 800,
    "errorCount" : 0,
    "errorPct" : 0.0,
    "meanResTime" : 489.09500000000025,
    "medianResTime" : 456.0,
    "minResTime" : 335.0,
    "maxResTime" : 1296.0,
    "pct1ResTime" : 615.0,
    "pct2ResTime" : 772.8999999999999,
    "pct3ResTime" : 874.95,
    "throughput" : 13.280873881501403,
    "receivedKBytesPerSec" : 39.336807111907966,
    "sentKBytesPerSec" : 4.007607450570247
  },
  "Get tournament result" : {
    "transaction" : "Get tournament result",
    "sampleCount" : 800,
    "errorCount" : 0,
    "errorPct" : 0.0,
    "meanResTime" : 2520.1125000000006,
    "medianResTime" : 2592.5,
    "minResTime" : 310.0,
    "maxResTime" : 6472.0,
    "pct1ResTime" : 4049.7999999999997,
    "pct2ResTime" : 4311.4,
    "pct3ResTime" : 4561.93,
    "throughput" : 9.62521807134693,
    "receivedKBytesPerSec" : 51.1352634527462,
    "sentKBytesPerSec" : 3.1770739337063105
  }
}