{
  "Get playerA_Vs_playerB" : {
    "transaction" : "Get playerA_Vs_playerB",
    "sampleCount" : 2598,
    "errorCount" : 31,
    "errorPct" : 1.1932255,
    "meanResTime" : 4189.435719784455,
    "medianResTime" : 4125.5,
    "minResTime" : 1.0,
    "maxResTime" : 15090.0,
    "pct1ResTime" : 7531.299999999999,
    "pct2ResTime" : 8020.299999999998,
    "pct3ResTime" : 9767.579999999987,
    "throughput" : 5.322047369908923,
    "receivedKBytesPerSec" : 6.388122464319953,
    "sentKBytesPerSec" : 1.7665499054609368
  },
  "Get tournamnent list " : {
    "transaction" : "Get tournamnent list ",
    "sampleCount" : 2600,
    "errorCount" : 16,
    "errorPct" : 0.61538464,
    "meanResTime" : 5347.403076923081,
    "medianResTime" : 5168.0,
    "minResTime" : 1.0,
    "maxResTime" : 30075.0,
    "pct1ResTime" : 8192.8,
    "pct2ResTime" : 10913.149999999998,
    "pct3ResTime" : 18350.199999999983,
    "throughput" : 5.588393336915637,
    "receivedKBytesPerSec" : 319.10720882590005,
    "sentKBytesPerSec" : 2.109870365394949
  },
  "Get Players schedule" : {
    "transaction" : "Get Players schedule",
    "sampleCount" : 2600,
    "errorCount" : 29,
    "errorPct" : 1.1153846,
    "meanResTime" : 4550.193846153838,
    "medianResTime" : 4592.5,
    "minResTime" : 45.0,
    "maxResTime" : 16177.0,
    "pct1ResTime" : 7505.5,
    "pct2ResTime" : 8001.9,
    "pct3ResTime" : 10392.259999999984,
    "throughput" : 5.338962516376241,
    "receivedKBytesPerSec" : 26.261469063664048,
    "sentKBytesPerSec" : 1.7532387673875636
  },
  "Get Home page country " : {
    "transaction" : "Get Home page country ",
    "sampleCount" : 2600,
    "errorCount" : 14,
    "errorPct" : 0.53846157,
    "meanResTime" : 4570.93884615385,
    "medianResTime" : 4471.0,
    "minResTime" : 47.0,
    "maxResTime" : 22274.0,
    "pct1ResTime" : 7462.8,
    "pct2ResTime" : 8504.649999999976,
    "pct3ResTime" : 14873.919999999998,
    "throughput" : 5.684315007247502,
    "receivedKBytesPerSec" : 95.40879132264719,
    "sentKBytesPerSec" : 1.7667834866276488
  },
  "Get Break list " : {
    "transaction" : "Get Break list ",
    "sampleCount" : 2600,
    "errorCount" : 23,
    "errorPct" : 0.88461536,
    "meanResTime" : 5121.179230769236,
    "medianResTime" : 5223.5,
    "minResTime" : 86.0,
    "maxResTime" : 19458.0,
    "pct1ResTime" : 8099.8,
    "pct2ResTime" : 8497.0,
    "pct3ResTime" : 10267.039999999979,
    "throughput" : 5.359531824281564,
    "receivedKBytesPerSec" : 11.567958815218802,
    "sentKBytesPerSec" : 1.7647562984805727
  },
  "Get Home page currency" : {
    "transaction" : "Get Home page currency",
    "sampleCount" : 2600,
    "errorCount" : 26,
    "errorPct" : 1.0,
    "meanResTime" : 4442.720384615372,
    "medianResTime" : 4483.0,
    "minResTime" : 0.0,
    "maxResTime" : 20194.0,
    "pct1ResTime" : 7343.0,
    "pct2ResTime" : 7898.749999999999,
    "pct3ResTime" : 12505.909999999998,
    "throughput" : 5.506153126118438,
    "receivedKBytesPerSec" : 48.87249436942899,
    "sentKBytesPerSec" : 1.7087894550284943
  },
  "Get single knockout Player details" : {
    "transaction" : "Get single knockout Player details",
    "sampleCount" : 2600,
    "errorCount" : 15,
    "errorPct" : 0.5769231,
    "meanResTime" : 4255.55038461538,
    "medianResTime" : 4316.5,
    "minResTime" : 59.0,
    "maxResTime" : 13654.0,
    "pct1ResTime" : 7305.9,
    "pct2ResTime" : 7834.9,
    "pct3ResTime" : 9351.51999999999,
    "throughput" : 5.32916838327379,
    "receivedKBytesPerSec" : 6.294920021480649,
    "sentKBytesPerSec" : 1.6932079428692655
  },
  "Get knockout players list " : {
    "transaction" : "Get knockout players list ",
    "sampleCount" : 2600,
    "errorCount" : 10,
    "errorPct" : 0.3846154,
    "meanResTime" : 4401.69269230769,
    "medianResTime" : 4405.0,
    "minResTime" : 1.0,
    "maxResTime" : 20386.0,
    "pct1ResTime" : 7399.6,
    "pct2ResTime" : 7844.95,
    "pct3ResTime" : 10164.229999999961,
    "throughput" : 5.33434001903949,
    "receivedKBytesPerSec" : 23.898059672286873,
    "sentKBytesPerSec" : 1.764355401429603
  },
  "Total" : {
    "transaction" : "Total",
    "sampleCount" : 28598,
    "errorCount" : 222,
    "errorPct" : 0.7762781,
    "meanResTime" : 4328.551681935801,
    "medianResTime" : 5602.0,
    "minResTime" : 0.0,
    "maxResTime" : 30075.0,
    "pct1ResTime" : 7956.9000000000015,
    "pct2ResTime" : 8721.900000000001,
    "pct3ResTime" : 12990.790000000034,
    "throughput" : 58.18917280137385,
    "receivedKBytesPerSec" : 564.6047301752562,
    "sentKBytesPerSec" : 19.01937861355109
  },
  "Get Players list " : {
    "transaction" : "Get Players list ",
    "sampleCount" : 2600,
    "errorCount" : 25,
    "errorPct" : 0.96153843,
    "meanResTime" : 5014.511923076921,
    "medianResTime" : 5076.5,
    "minResTime" : 1.0,
    "maxResTime" : 13932.0,
    "pct1ResTime" : 8047.200000000001,
    "pct2ResTime" : 8449.95,
    "pct3ResTime" : 9838.729999999994,
    "throughput" : 5.410275778403427,
    "receivedKBytesPerSec" : 11.6860514019117,
    "sentKBytesPerSec" : 1.7794044261778275
  },
  "Home page " : {
    "transaction" : "Home page ",
    "sampleCount" : 2600,
    "errorCount" : 9,
    "errorPct" : 0.34615386,
    "meanResTime" : 1270.9815384615367,
    "medianResTime" : 468.0,
    "minResTime" : 208.0,
    "maxResTime" : 24461.0,
    "pct1ResTime" : 3407.0,
    "pct2ResTime" : 6300.049999999989,
    "pct3ResTime" : 12488.369999999986,
    "throughput" : 5.76297333959872,
    "receivedKBytesPerSec" : 16.93686650584831,
    "sentKBytesPerSec" : 1.7330025361238683
  },
  "Get tournament result" : {
    "transaction" : "Get tournament result",
    "sampleCount" : 2600,
    "errorCount" : 24,
    "errorPct" : 0.9230769,
    "meanResTime" : 4449.353846153849,
    "medianResTime" : 4369.0,
    "minResTime" : 79.0,
    "maxResTime" : 16879.0,
    "pct1ResTime" : 7549.700000000001,
    "pct2ResTime" : 8276.449999999997,
    "pct3ResTime" : 11127.829999999996,
    "throughput" : 5.325424395359507,
    "receivedKBytesPerSec" : 26.230581483217744,
    "sentKBytesPerSec" : 1.7521734388313561
  }
}