{
  "Get playerA_Vs_playerB" : {
    "transaction" : "Get playerA_Vs_playerB",
    "sampleCount" : 700,
    "errorCount" : 160,
    "errorPct" : 22.857143,
    "meanResTime" : 3139.615714285715,
    "medianResTime" : 2590.0,
    "minResTime" : 109.0,
    "maxResTime" : 8293.0,
    "pct1ResTime" : 4914.099999999999,
    "pct2ResTime" : 5321.349999999999,
    "pct3ResTime" : 6319.330000000001,
    "throughput" : 13.378949179105904,
    "receivedKBytesPerSec" : 14.64349132040672,
    "sentKBytesPerSec" : 4.406112776179737
  },
  "Get tournamnent list " : {
    "transaction" : "Get tournamnent list ",
    "sampleCount" : 700,
    "errorCount" : 150,
    "errorPct" : 21.428572,
    "meanResTime" : 3193.4971428571457,
    "medianResTime" : 3021.0,
    "minResTime" : 0.0,
    "maxResTime" : 8948.0,
    "pct1ResTime" : 6534.799999999999,
    "pct2ResTime" : 6691.95,
    "pct3ResTime" : 7258.960000000002,
    "throughput" : 21.13718030014796,
    "receivedKBytesPerSec" : 963.8364902278287,
    "sentKBytesPerSec" : 6.309011893438416
  },
  "Get Players schedule" : {
    "transaction" : "Get Players schedule",
    "sampleCount" : 700,
    "errorCount" : 168,
    "errorPct" : 24.0,
    "meanResTime" : 4346.770000000005,
    "medianResTime" : 4668.0,
    "minResTime" : 18.0,
    "maxResTime" : 8492.0,
    "pct1ResTime" : 5859.8,
    "pct2ResTime" : 6393.799999999999,
    "pct3ResTime" : 7017.540000000003,
    "throughput" : 14.092730164482294,
    "receivedKBytesPerSec" : 59.99820616531779,
    "sentKBytesPerSec" : 4.511443108151638
  },
  "Get Home page country " : {
    "transaction" : "Get Home page country ",
    "sampleCount" : 700,
    "errorCount" : 31,
    "errorPct" : 4.428571,
    "meanResTime" : 3051.952857142857,
    "medianResTime" : 3175.5,
    "minResTime" : 68.0,
    "maxResTime" : 7566.0,
    "pct1ResTime" : 5191.9,
    "pct2ResTime" : 5410.95,
    "pct3ResTime" : 6432.280000000001,
    "throughput" : 26.226068712300027,
    "receivedKBytesPerSec" : 425.04850798255967,
    "sentKBytesPerSec" : 7.832696414521749
  },
  "Get Break list " : {
    "transaction" : "Get Break list ",
    "sampleCount" : 700,
    "errorCount" : 171,
    "errorPct" : 24.428572,
    "meanResTime" : 4119.300000000002,
    "medianResTime" : 4392.5,
    "minResTime" : 26.0,
    "maxResTime" : 11849.0,
    "pct1ResTime" : 5952.9,
    "pct2ResTime" : 6245.349999999999,
    "pct3ResTime" : 6633.97,
    "throughput" : 15.333727629186656,
    "receivedKBytesPerSec" : 39.911438310497026,
    "sentKBytesPerSec" : 4.88717645150161
  },
  "Get Home page currency" : {
    "transaction" : "Get Home page currency",
    "sampleCount" : 700,
    "errorCount" : 46,
    "errorPct" : 6.571429,
    "meanResTime" : 3885.455714285717,
    "medianResTime" : 4612.5,
    "minResTime" : 0.0,
    "maxResTime" : 8954.0,
    "pct1ResTime" : 5881.0,
    "pct2ResTime" : 6270.7,
    "pct3ResTime" : 7695.920000000003,
    "throughput" : 18.83391180348158,
    "receivedKBytesPerSec" : 159.899044136936,
    "sentKBytesPerSec" : 5.516013449430947
  },
  "Get single knockout Player details" : {
    "transaction" : "Get single knockout Player details",
    "sampleCount" : 700,
    "errorCount" : 14,
    "errorPct" : 2.0,
    "meanResTime" : 3921.8828571428576,
    "medianResTime" : 4350.0,
    "minResTime" : 48.0,
    "maxResTime" : 8332.0,
    "pct1ResTime" : 5284.7,
    "pct2ResTime" : 6054.9,
    "pct3ResTime" : 6497.85,
    "throughput" : 13.444474321054047,
    "receivedKBytesPerSec" : 15.955522497887296,
    "sentKBytesPerSec" : 4.230582938001767
  },
  "Get knockout players list " : {
    "transaction" : "Get knockout players list ",
    "sampleCount" : 700,
    "errorCount" : 6,
    "errorPct" : 0.85714287,
    "meanResTime" : 4357.324285714286,
    "medianResTime" : 4507.5,
    "minResTime" : 55.0,
    "maxResTime" : 8126.0,
    "pct1ResTime" : 5574.6,
    "pct2ResTime" : 6073.299999999997,
    "pct3ResTime" : 6472.9400000000005,
    "throughput" : 13.75921375921376,
    "receivedKBytesPerSec" : 61.448710073710075,
    "sentKBytesPerSec" : 4.53585687960688
  },
  "Total" : {
    "transaction" : "Total",
    "sampleCount" : 7700,
    "errorCount" : 1110,
    "errorPct" : 14.415585,
    "meanResTime" : 3460.6962337662276,
    "medianResTime" : 4185.5,
    "minResTime" : 0.0,
    "maxResTime" : 11849.0,
    "pct1ResTime" : 5558.500000000003,
    "pct2ResTime" : 6121.95,
    "pct3ResTime" : 6719.949999999999,
    "throughput" : 130.1555104800541,
    "receivedKBytesPerSec" : 1109.2584100585277,
    "sentKBytesPerSec" : 40.58054626753719
  },
  "Get Players list " : {
    "transaction" : "Get Players list ",
    "sampleCount" : 700,
    "errorCount" : 171,
    "errorPct" : 24.428572,
    "meanResTime" : 3902.3728571428533,
    "medianResTime" : 4343.0,
    "minResTime" : 60.0,
    "maxResTime" : 8259.0,
    "pct1ResTime" : 5581.8,
    "pct2ResTime" : 6168.349999999998,
    "pct3ResTime" : 6623.8,
    "throughput" : 17.006802721088437,
    "receivedKBytesPerSec" : 44.48977693756074,
    "sentKBytesPerSec" : 5.365280877976191
  },
  "Home page " : {
    "transaction" : "Home page ",
    "sampleCount" : 700,
    "errorCount" : 38,
    "errorPct" : 5.428571,
    "meanResTime" : 520.0714285714289,
    "medianResTime" : 502.0,
    "minResTime" : 390.0,
    "maxResTime" : 2314.0,
    "pct1ResTime" : 595.9,
    "pct2ResTime" : 650.0,
    "pct3ResTime" : 878.8200000000002,
    "throughput" : 33.26996197718631,
    "receivedKBytesPerSec" : 96.86191109196768,
    "sentKBytesPerSec" : 9.494471096720533
  },
  "Get tournament result" : {
    "transaction" : "Get tournament result",
    "sampleCount" : 700,
    "errorCount" : 155,
    "errorPct" : 22.142857,
    "meanResTime" : 3629.415714285715,
    "medianResTime" : 2930.5,
    "minResTime" : 94.0,
    "maxResTime" : 8213.0,
    "pct1ResTime" : 5308.7,
    "pct2ResTime" : 5635.749999999998,
    "pct3ResTime" : 6556.99,
    "throughput" : 13.048503150281475,
    "receivedKBytesPerSec" : 56.33168785300861,
    "sentKBytesPerSec" : 4.257146968087089
  }
}