{
  "Get_all_group" : {
    "transaction" : "Get_all_group",
    "sampleCount" : 50,
    "errorCount" : 0,
    "errorPct" : 0.0,
    "meanResTime" : 3952.6600000000008,
    "medianResTime" : 4003.0,
    "minResTime" : 1746.0,
    "maxResTime" : 6922.0,
    "pct1ResTime" : 5216.3,
    "pct2ResTime" : 5318.55,
    "pct3ResTime" : 6922.0,
    "throughput" : 2.42600679281902,
    "receivedKBytesPerSec" : 6.375375272925765,
    "sentKBytesPerSec" : 0.8055100679281902
  },
  "Tournamnent_list " : {
    "transaction" : "Tournamnent_list ",
    "sampleCount" : 50,
    "errorCount" : 0,
    "errorPct" : 0.0,
    "meanResTime" : 1183.3799999999994,
    "medianResTime" : 1099.0,
    "minResTime" : 664.0,
    "maxResTime" : 1901.0,
    "pct1ResTime" : 1565.7,
    "pct2ResTime" : 1755.3999999999996,
    "pct3ResTime" : 1901.0,
    "throughput" : 8.755034144633164,
    "receivedKBytesPerSec" : 880.0662920241639,
    "sentKBytesPerSec" : 3.325886994396778
  },
  "Get_group_match_list " : {
    "transaction" : "Get_group_match_list ",
    "sampleCount" : 50,
    "errorCount" : 0,
    "errorPct" : 0.0,
    "meanResTime" : 3277.2,
    "medianResTime" : 3355.0,
    "minResTime" : 267.0,
    "maxResTime" : 5700.0,
    "pct1ResTime" : 4099.4,
    "pct2ResTime" : 4992.949999999994,
    "pct3ResTime" : 5700.0,
    "throughput" : 2.613559144843448,
    "receivedKBytesPerSec" : 14.828987474517799,
    "sentKBytesPerSec" : 0.8779925252208457
  },
  "Break_tab_knock_out" : {
    "transaction" : "Break_tab_knock_out",
    "sampleCount" : 50,
    "errorCount" : 0,
    "errorPct" : 0.0,
    "meanResTime" : 300.78,
    "medianResTime" : 334.0,
    "minResTime" : 87.0,
    "maxResTime" : 787.0,
    "pct1ResTime" : 540.6999999999999,
    "pct2ResTime" : 583.8499999999998,
    "pct3ResTime" : 787.0,
    "throughput" : 8.231807704972011,
    "receivedKBytesPerSec" : 19.71935966825815,
    "sentKBytesPerSec" : 2.717139652617715
  },
  "Result_Round_robin" : {
    "transaction" : "Result_Round_robin",
    "sampleCount" : 50,
    "errorCount" : 0,
    "errorPct" : 0.0,
    "meanResTime" : 1092.72,
    "medianResTime" : 1204.5,
    "minResTime" : 231.0,
    "maxResTime" : 1718.0,
    "pct1ResTime" : 1455.5,
    "pct2ResTime" : 1594.2999999999993,
    "pct3ResTime" : 1718.0,
    "throughput" : 5.97300203082069,
    "receivedKBytesPerSec" : 33.89212011707084,
    "sentKBytesPerSec" : 1.9715573109544857
  },
  "Country_home_page_Round_robin" : {
    "transaction" : "Country_home_page_Round_robin",
    "sampleCount" : 50,
    "errorCount" : 0,
    "errorPct" : 0.0,
    "meanResTime" : 340.6,
    "medianResTime" : 178.0,
    "minResTime" : 126.0,
    "maxResTime" : 3060.0,
    "pct1ResTime" : 578.3,
    "pct2ResTime" : 890.1499999999988,
    "pct3ResTime" : 3060.0,
    "throughput" : 4.999500049995,
    "receivedKBytesPerSec" : 84.30895191730828,
    "sentKBytesPerSec" : 1.5623437656234378
  },
  "Get_Knock_out" : {
    "transaction" : "Get_Knock_out",
    "sampleCount" : 50,
    "errorCount" : 0,
    "errorPct" : 0.0,
    "meanResTime" : 1224.4399999999996,
    "medianResTime" : 1059.5,
    "minResTime" : 84.0,
    "maxResTime" : 2475.0,
    "pct1ResTime" : 2355.1,
    "pct2ResTime" : 2425.4999999999995,
    "pct3ResTime" : 2475.0,
    "throughput" : 4.080300310102824,
    "receivedKBytesPerSec" : 6.626503335645504,
    "sentKBytesPerSec" : 1.3547872123388283
  },
  "Home_page " : {
    "transaction" : "Home_page ",
    "sampleCount" : 50,
    "errorCount" : 0,
    "errorPct" : 0.0,
    "meanResTime" : 553.5,
    "medianResTime" : 333.0,
    "minResTime" : 251.0,
    "maxResTime" : 3362.0,
    "pct1ResTime" : 766.9,
    "pct2ResTime" : 2251.949999999992,
    "pct3ResTime" : 3362.0,
    "throughput" : 12.936610608020699,
    "receivedKBytesPerSec" : 39.10040022639068,
    "sentKBytesPerSec" : 3.903723318240621
  },
  "Result" : {
    "transaction" : "Result",
    "sampleCount" : 50,
    "errorCount" : 0,
    "errorPct" : 0.0,
    "meanResTime" : 927.6800000000002,
    "medianResTime" : 970.0,
    "minResTime" : 231.0,
    "maxResTime" : 1358.0,
    "pct1ResTime" : 1143.8,
    "pct2ResTime" : 1192.7499999999998,
    "pct3ResTime" : 1358.0,
    "throughput" : 8.632596685082873,
    "receivedKBytesPerSec" : 48.98121870683702,
    "sentKBytesPerSec" : 2.8494313276933703
  },
  "Players_schedule_knock_out " : {
    "transaction" : "Players_schedule_knock_out ",
    "sampleCount" : 50,
    "errorCount" : 0,
    "errorPct" : 0.0,
    "meanResTime" : 1794.7599999999998,
    "medianResTime" : 1857.5,
    "minResTime" : 251.0,
    "maxResTime" : 4526.0,
    "pct1ResTime" : 3547.3999999999996,
    "pct2ResTime" : 4019.8999999999987,
    "pct3ResTime" : 4526.0,
    "throughput" : 2.713115198871344,
    "receivedKBytesPerSec" : 15.395445018720496,
    "sentKBytesPerSec" : 0.8955399777524554
  },
  "Currency_home_page_round_robin" : {
    "transaction" : "Currency_home_page_round_robin",
    "sampleCount" : 50,
    "errorCount" : 0,
    "errorPct" : 0.0,
    "meanResTime" : 428.74,
    "medianResTime" : 272.5,
    "minResTime" : 64.0,
    "maxResTime" : 2915.0,
    "pct1ResTime" : 811.3999999999999,
    "pct2ResTime" : 1704.3499999999951,
    "pct3ResTime" : 2915.0,
    "throughput" : 3.13302838523717,
    "receivedKBytesPerSec" : 28.023776258694156,
    "sentKBytesPerSec" : 0.9821309684190739
  },
  "Player_VS_player" : {
    "transaction" : "Player_VS_player",
    "sampleCount" : 50,
    "errorCount" : 0,
    "errorPct" : 0.0,
    "meanResTime" : 628.3999999999997,
    "medianResTime" : 732.0,
    "minResTime" : 153.0,
    "maxResTime" : 966.0,
    "pct1ResTime" : 916.4,
    "pct2ResTime" : 939.4,
    "pct3ResTime" : 966.0,
    "throughput" : 10.17915309446254,
    "receivedKBytesPerSec" : 12.76370368485342,
    "sentKBytesPerSec" : 3.3897375050895766
  },
  "Break_tab_Round_robin" : {
    "transaction" : "Break_tab_Round_robin",
    "sampleCount" : 50,
    "errorCount" : 0,
    "errorPct" : 0.0,
    "meanResTime" : 675.22,
    "medianResTime" : 231.5,
    "minResTime" : 114.0,
    "maxResTime" : 3073.0,
    "pct1ResTime" : 2006.4999999999995,
    "pct2ResTime" : 2709.9499999999975,
    "pct3ResTime" : 3073.0,
    "throughput" : 2.854858969966884,
    "receivedKBytesPerSec" : 6.838836966141373,
    "sentKBytesPerSec" : 0.9423264959461003
  },
  "Players" : {
    "transaction" : "Players",
    "sampleCount" : 50,
    "errorCount" : 0,
    "errorPct" : 0.0,
    "meanResTime" : 499.9199999999999,
    "medianResTime" : 490.5,
    "minResTime" : 96.0,
    "maxResTime" : 936.0,
    "pct1ResTime" : 690.5,
    "pct2ResTime" : 762.2999999999998,
    "pct3ResTime" : 936.0,
    "throughput" : 8.433125316242199,
    "receivedKBytesPerSec" : 20.20161757884972,
    "sentKBytesPerSec" : 2.7835901922752573
  },
  "Tournamnent_list_round_robin" : {
    "transaction" : "Tournamnent_list_round_robin",
    "sampleCount" : 50,
    "errorCount" : 0,
    "errorPct" : 0.0,
    "meanResTime" : 1585.5399999999995,
    "medianResTime" : 1572.5,
    "minResTime" : 619.0,
    "maxResTime" : 4445.0,
    "pct1ResTime" : 2126.4,
    "pct2ResTime" : 2362.0999999999995,
    "pct3ResTime" : 4445.0,
    "throughput" : 3.5058196606366567,
    "receivedKBytesPerSec" : 352.40855288528957,
    "sentKBytesPerSec" : 1.3318006328004488
  },
  "Knock_out" : {
    "transaction" : "Knock_out",
    "sampleCount" : 50,
    "errorCount" : 0,
    "errorPct" : 0.0,
    "meanResTime" : 429.40000000000003,
    "medianResTime" : 419.5,
    "minResTime" : 69.0,
    "maxResTime" : 761.0,
    "pct1ResTime" : 577.6,
    "pct2ResTime" : 704.2499999999999,
    "pct3ResTime" : 761.0,
    "throughput" : 8.067118425298483,
    "receivedKBytesPerSec" : 36.2210466077767,
    "sentKBytesPerSec" : 2.678535414649887
  },
  "Players_knock_out" : {
    "transaction" : "Players_knock_out",
    "sampleCount" : 50,
    "errorCount" : 0,
    "errorPct" : 0.0,
    "meanResTime" : 245.01999999999995,
    "medianResTime" : 152.0,
    "minResTime" : 86.0,