{
  "Get playerA_Vs_playerB" : {
    "transaction" : "Get playerA_Vs_playerB",
    "sampleCount" : 500,
    "errorCount" : 0,
    "errorPct" : 0.0,
    "meanResTime" : 2872.4620000000004,
    "medianResTime" : 2926.0,
    "minResTime" : 136.0,
    "maxResTime" : 5180.0,
    "pct1ResTime" : 4678.6,
    "pct2ResTime" : 4957.349999999999,
    "pct3ResTime" : 5135.79,
    "throughput" : 12.950683796104435,
    "receivedKBytesPerSec" : 15.66982150720058,
    "sentKBytesPerSec" : 4.312678881319934
  },
  "Get tournamnent list " : {
    "transaction" : "Get tournamnent list ",
    "sampleCount" : 500,
    "errorCount" : 0,
    "errorPct" : 0.0,
    "meanResTime" : 5089.824000000007,
    "medianResTime" : 4895.0,
    "minResTime" : 590.0,
    "maxResTime" : 14233.0,
    "pct1ResTime" : 7461.700000000001,
    "pct2ResTime" : 8638.349999999999,
    "pct3ResTime" : 11178.87,
    "throughput" : 16.37411579774692,
    "receivedKBytesPerSec" : 941.1436245333376,
    "sentKBytesPerSec" : 6.220245161448782
  },
  "Get Players schedule" : {
    "transaction" : "Get Players schedule",
    "sampleCount" : 500,
    "errorCount" : 0,
    "errorPct" : 0.0,
    "meanResTime" : 3860.8399999999992,
    "medianResTime" : 4021.5,
    "minResTime" : 906.0,
    "maxResTime" : 7064.0,
    "pct1ResTime" : 5175.8,
    "pct2ResTime" : 5243.9,
    "pct3ResTime" : 6108.000000000004,
    "throughput" : 12.482524465747952,
    "receivedKBytesPerSec" : 66.39113444302976,
    "sentKBytesPerSec" : 4.1202082709207115
  },
  "Get Home page country " : {
    "transaction" : "Get Home page country ",
    "sampleCount" : 500,
    "errorCount" : 0,
    "errorPct" : 0.0,
    "meanResTime" : 3349.1780000000017,
    "medianResTime" : 3158.5,
    "minResTime" : 284.0,
    "maxResTime" : 10271.0,
    "pct1ResTime" : 5900.900000000001,
    "pct2ResTime" : 6518.149999999999,
    "pct3ResTime" : 9064.230000000001,
    "throughput" : 18.79840589518009,
    "receivedKBytesPerSec" : 316.99795919806,
    "sentKBytesPerSec" : 5.874501842243778
  },
  "Get Break list " : {
    "transaction" : "Get Break list ",
    "sampleCount" : 500,
    "errorCount" : 0,
    "errorPct" : 0.0,
    "meanResTime" : 3535.0519999999988,
    "medianResTime" : 3626.0,
    "minResTime" : 786.0,
    "maxResTime" : 7681.0,
    "pct1ResTime" : 4984.1,
    "pct2ResTime" : 5128.8,
    "pct3ResTime" : 6604.740000000002,
    "throughput" : 12.91956280199478,
    "receivedKBytesPerSec" : 40.6007354461125,
    "sentKBytesPerSec" : 4.264465065502184
  },
  "Get Home page currency" : {
    "transaction" : "Get Home page currency",
    "sampleCount" : 500,
    "errorCount" : 0,
    "errorPct" : 0.0,
    "meanResTime" : 3400.3299999999986,
    "medianResTime" : 3425.5,
    "minResTime" : 210.0,
    "maxResTime" : 8758.0,
    "pct1ResTime" : 5045.9,
    "pct2ResTime" : 5081.95,
    "pct3ResTime" : 7024.52,
    "throughput" : 14.44919662466767,
    "receivedKBytesPerSec" : 129.2395410393307,
    "sentKBytesPerSec" : 4.529484488787424
  },
  "Get single knockout Player details" : {
    "transaction" : "Get single knockout Player details",
    "sampleCount" : 500,
    "errorCount" : 0,
    "errorPct" : 0.0,
    "meanResTime" : 2925.170000000003,
    "medianResTime" : 2637.0,
    "minResTime" : 797.0,
    "maxResTime" : 6142.0,
    "pct1ResTime" : 4583.8,
    "pct2ResTime" : 4863.7,
    "pct3ResTime" : 5064.87,
    "throughput" : 12.373481155188202,
    "receivedKBytesPerSec" : 14.621008005642308,
    "sentKBytesPerSec" : 3.9392137271399936
  },
  "Get knockout players list " : {
    "transaction" : "Get knockout players list ",
    "sampleCount" : 500,
    "errorCount" : 0,
    "errorPct" : 0.0,
    "meanResTime" : 3480.195999999999,
    "medianResTime" : 3500.0,
    "minResTime" : 845.0,
    "maxResTime" : 6680.0,
    "pct1ResTime" : 4950.9,
    "pct2ResTime" : 5013.65,
    "pct3ResTime" : 5075.9,
    "throughput" : 12.368889768454382,
    "receivedKBytesPerSec" : 55.5304205113299,
    "sentKBytesPerSec" : 4.10685793093212
  },
  "Total" : {
    "transaction" : "Total",
    "sampleCount" : 5500,
    "errorCount" : 0,
    "errorPct" : 0.0,
    "meanResTime" : 3554.886545454546,
    "medianResTime" : 3472.5,
    "minResTime" : 136.0,
    "maxResTime" : 16844.0,
    "pct1ResTime" : 5223.900000000001,
    "pct2ResTime" : 6440.549999999998,
    "pct3ResTime" : 8512.99,
    "throughput" : 108.40428886786503,
    "receivedKBytesPerSec" : 1084.540678401431,
    "sentKBytesPerSec" : 35.589405205376856
  },
  "Get Players list " : {
    "transaction" : "Get Players list ",
    "sampleCount" : 500,
    "errorCount" : 0,
    "errorPct" : 0.0,
    "meanResTime" : 3120.2939999999985,
    "medianResTime" : 3020.0,
    "minResTime" : 854.0,
    "maxResTime" : 7605.0,
    "pct1ResTime" : 4509.200000000001,
    "pct2ResTime" : 5047.65,
    "pct3ResTime" : 6369.780000000004,
    "throughput" : 13.176619406525063,
    "receivedKBytesPerSec" : 41.408555908396146,
    "sentKBytesPerSec" : 4.349313827544406
  },
  "Home page " : {
    "transaction" : "Home page ",
    "sampleCount" : 500,
    "errorCount" : 0,
    "errorPct" : 0.0,
    "meanResTime" : 4147.370000000001,
    "medianResTime" : 4550.0,
    "minResTime" : 636.0,
    "maxResTime" : 16844.0,
    "pct1ResTime" : 7196.200000000001,
    "pct2ResTime" : 8192.65,
    "pct3ResTime" : 13999.250000000002,
    "throughput" : 23.12138728323699,
    "receivedKBytesPerSec" : 68.48356213872832,
    "sentKBytesPerSec" : 6.977059248554913
  },
  "Get tournament result" : {
    "transaction" : "Get tournament result",
    "sampleCount" : 500,
    "errorCount" : 0,
    "errorPct" : 0.0,
    "meanResTime" : 3323.0360000000014,
    "medianResTime" : 3348.0,
    "minResTime" : 594.0,
    "maxResTime" : 8136.0,
    "pct1ResTime" : 4975.200000000002,
    "pct2ResTime" : 5171.75,
    "pct3ResTime" : 5304.79,
    "throughput" : 12.536041118214868,
    "receivedKBytesPerSec" : 66.67459963018679,
    "sentKBytesPerSec" : 4.137872947223267
  }
}