{
  "Get playerA_Vs_playerB" : {
    "transaction" : "Get playerA_Vs_playerB",
    "sampleCount" : 1200,
    "errorCount" : 15,
    "errorPct" : 1.25,
    "meanResTime" : 2406.84916666667,
    "medianResTime" : 2587.0,
    "minResTime" : 53.0,
    "maxResTime" : 7344.0,
    "pct1ResTime" : 4190.700000000001,
    "pct2ResTime" : 4380.85,
    "pct3ResTime" : 5667.650000000001,
    "throughput" : 9.843407787776128,
    "receivedKBytesPerSec" : 11.876422359608396,
    "sentKBytesPerSec" : 3.2691601035403455
  },
  "Get tournamnent list " : {
    "transaction" : "Get tournamnent list ",
    "sampleCount" : 1200,
    "errorCount" : 11,
    "errorPct" : 0.9166667,
    "meanResTime" : 2849.0275000000006,
    "medianResTime" : 2814.5,
    "minResTime" : 0.0,
    "maxResTime" : 7033.0,
    "pct1ResTime" : 4687.9,
    "pct2ResTime" : 4813.0,
    "pct3ResTime" : 5330.400000000001,
    "throughput" : 10.768126346015794,
    "receivedKBytesPerSec" : 613.706874915874,
    "sentKBytesPerSec" : 4.053128715564429
  },
  "Get Players schedule" : {
    "transaction" : "Get Players schedule",
    "sampleCount" : 1200,
    "errorCount" : 14,
    "errorPct" : 1.1666666,
    "meanResTime" : 2800.589166666662,
    "medianResTime" : 2958.5,
    "minResTime" : 1.0,
    "maxResTime" : 8322.0,
    "pct1ResTime" : 4486.9,
    "pct2ResTime" : 4656.0,
    "pct3ResTime" : 6315.43,
    "throughput" : 9.975062344139651,
    "receivedKBytesPerSec" : 52.49654184850374,
    "sentKBytesPerSec" : 3.2836934356816294
  },
  "Get Home page country " : {
    "transaction" : "Get Home page country ",
    "sampleCount" : 1200,
    "errorCount" : 4,
    "errorPct" : 0.33333334,
    "meanResTime" : 2346.5533333333337,
    "medianResTime" : 2264.5,
    "minResTime" : 60.0,
    "maxResTime" : 7374.0,
    "pct1ResTime" : 4203.700000000001,
    "pct2ResTime" : 4420.9,
    "pct3ResTime" : 5255.810000000002,
    "throughput" : 11.157912354598453,
    "receivedKBytesPerSec" : 187.60846456956028,
    "sentKBytesPerSec" : 3.4752247854426437
  },
  "Get Break list " : {
    "transaction" : "Get Break list ",
    "sampleCount" : 1200,
    "errorCount" : 15,
    "errorPct" : 1.25,
    "meanResTime" : 2600.3883333333347,
    "medianResTime" : 2777.0,
    "minResTime" : 1.0,
    "maxResTime" : 6636.0,
    "pct1ResTime" : 4313.8,
    "pct2ResTime" : 4481.8,
    "pct3ResTime" : 6152.730000000002,
    "throughput" : 10.093703211479905,
    "receivedKBytesPerSec" : 31.463834051107785,
    "sentKBytesPerSec" : 3.3199724289445354
  },
  "Get Home page currency" : {
    "transaction" : "Get Home page currency",
    "sampleCount" : 1200,
    "errorCount" : 28,
    "errorPct" : 2.3333333,
    "meanResTime" : 2456.2991666666653,
    "medianResTime" : 2459.5,
    "minResTime" : 0.0,
    "maxResTime" : 8994.0,
    "pct1ResTime" : 4308.8,
    "pct2ResTime" : 4509.0,
    "pct3ResTime" : 5873.380000000001,
    "throughput" : 10.539258738802038,
    "receivedKBytesPerSec" : 92.56641757146934,
    "sentKBytesPerSec" : 3.226721686720534
  },
  "Get single knockout Player details" : {
    "transaction" : "Get single knockout Player details",
    "sampleCount" : 1200,
    "errorCount" : 4,
    "errorPct" : 0.33333334,
    "meanResTime" : 2486.0658333333326,
    "medianResTime" : 2694.5,
    "minResTime" : 55.0,
    "maxResTime" : 6924.0,
    "pct1ResTime" : 4155.9,
    "pct2ResTime" : 4323.0,
    "pct3ResTime" : 5828.310000000001,
    "throughput" : 9.836146197919655,
    "receivedKBytesPerSec" : 11.627960961770178,
    "sentKBytesPerSec" : 3.1261142509364834
  },
  "Get knockout players list " : {
    "transaction" : "Get knockout players list ",
    "sampleCount" : 1200,
    "errorCount" : 2,
    "errorPct" : 0.16666667,
    "meanResTime" : 2510.7775000000024,
    "medianResTime" : 2663.0,
    "minResTime" : 1.0,
    "maxResTime" : 8366.0,
    "pct1ResTime" : 4200.5,
    "pct2ResTime" : 4353.9,
    "pct3ResTime" : 5318.860000000001,
    "throughput" : 9.884190237714776,
    "receivedKBytesPerSec" : 44.332362846564415,
    "sentKBytesPerSec" : 3.2763902731331234
  },
  "Total" : {
    "transaction" : "Total",
    "sampleCount" : 13200,
    "errorCount" : 135,
    "errorPct" : 1.0227273,
    "meanResTime" : 2391.4085606060567,
    "medianResTime" : 2464.0,
    "minResTime" : 0.0,
    "maxResTime" : 9613.0,
    "pct1ResTime" : 4286.9,
    "pct2ResTime" : 4522.949999999999,
    "pct3ResTime" : 5956.819999999996,
    "throughput" : 105.09303121740722,
    "receivedKBytesPerSec" : 1043.0880261742354,
    "sentKBytesPerSec" : 34.29567485201389
  },
  "Get Players list " : {
    "transaction" : "Get Players list ",
    "sampleCount" : 1200,
    "errorCount" : 24,
    "errorPct" : 2.0,
    "meanResTime" : 2524.222500000001,
    "medianResTime" : 2661.5,
    "minResTime" : 1.0,
    "maxResTime" : 9613.0,
    "pct1ResTime" : 4324.9,
    "pct2ResTime" : 4494.9,
    "pct3ResTime" : 4762.56,
    "throughput" : 10.298926336929375,
    "receivedKBytesPerSec" : 32.02848752757109,
    "sentKBytesPerSec" : 3.359203351227718
  },
  "Home page " : {
    "transaction" : "Home page ",
    "sampleCount" : 1200,
    "errorCount" : 6,
    "errorPct" : 0.5,
    "meanResTime" : 702.5425000000005,
    "medianResTime" : 352.0,
    "minResTime" : 224.0,
    "maxResTime" : 8032.0,
    "pct1ResTime" : 1094.500000000004,
    "pct2ResTime" : 2857.0000000000064,
    "pct3ResTime" : 7760.860000000001,
    "throughput" : 11.483253588516746,
    "receivedKBytesPerSec" : 33.95897502990431,
    "sentKBytesPerSec" : 3.4478356758373208
  },
  "Get tournament result" : {
    "transaction" : "Get tournament result",
    "sampleCount" : 1200,
    "errorCount" : 12,
    "errorPct" : 1.0,
    "meanResTime" : 2622.179166666666,
    "medianResTime" : 2824.0,
    "minResTime" : 89.0,
    "maxResTime" : 8791.0,
    "pct1ResTime" : 4359.5,
    "pct2ResTime" : 4556.9,
    "pct3ResTime" : 5748.040000000002,
    "throughput" : 9.822700260301557,
    "receivedKBytesPerSec" : 51.74905136760637,
    "sentKBytesPerSec" : 3.2389410847739963
  }
}