{
  "Get playerA_Vs_playerB" : {
    "transaction" : "Get playerA_Vs_playerB",
    "sampleCount" : 1800,
    "errorCount" : 0,
    "errorPct" : 0.0,
    "meanResTime" : 1642.364444444444,
    "medianResTime" : 1614.5,
    "minResTime" : 78.0,
    "maxResTime" : 7028.0,
    "pct1ResTime" : 2781.9,
    "pct2ResTime" : 3268.749999999999,
    "pct3ResTime" : 3911.600000000003,
    "throughput" : 7.596026434171991,
    "receivedKBytesPerSec" : 9.190895265565524,
    "sentKBytesPerSec" : 2.52953614653579
  },
  "Get tournamnent list " : {
    "transaction" : "Get tournamnent list ",
    "sampleCount" : 1800,
    "errorCount" : 0,
    "errorPct" : 0.0,
    "meanResTime" : 2098.4772222222236,
    "medianResTime" : 2038.0,
    "minResTime" : 316.0,
    "maxResTime" : 6349.0,
    "pct1ResTime" : 3244.9,
    "pct2ResTime" : 4007.0999999999967,
    "pct3ResTime" : 5023.7300000000005,
    "throughput" : 7.571869662883536,
    "receivedKBytesPerSec" : 435.3873037623779,
    "sentKBytesPerSec" : 2.8764231434196246
  },
  "Get Players schedule" : {
    "transaction" : "Get Players schedule",
    "sampleCount" : 1800,
    "errorCount" : 0,
    "errorPct" : 0.0,
    "meanResTime" : 2015.295555555552,
    "medianResTime" : 1998.0,
    "minResTime" : 149.0,
    "maxResTime" : 6996.0,
    "pct1ResTime" : 3140.9,
    "pct2ResTime" : 3742.0,
    "pct3ResTime" : 4520.82,
    "throughput" : 7.583321747702885,
    "receivedKBytesPerSec" : 40.286026505289364,
    "sentKBytesPerSec" : 2.5030886237534915
  },
  "Get Home page country " : {
    "transaction" : "Get Home page country ",
    "sampleCount" : 1800,
    "errorCount" : 0,
    "errorPct" : 0.0,
    "meanResTime" : 1575.0238888888873,
    "medianResTime" : 1432.5,
    "minResTime" : 119.0,
    "maxResTime" : 7580.0,
    "pct1ResTime" : 2680.8,
    "pct2ResTime" : 2936.5499999999984,
    "pct3ResTime" : 4259.650000000001,
    "throughput" : 7.577703029818261,
    "receivedKBytesPerSec" : 127.78697655963863,
    "sentKBytesPerSec" : 2.368032196818207
  },
  "Get Break list " : {
    "transaction" : "Get Break list ",
    "sampleCount" : 1800,
    "errorCount" : 0,
    "errorPct" : 0.0,
    "meanResTime" : 1786.3599999999979,
    "medianResTime" : 1817.0,
    "minResTime" : 100.0,
    "maxResTime" : 4959.0,
    "pct1ResTime" : 2845.8,
    "pct2ResTime" : 3290.549999999991,
    "pct3ResTime" : 4259.96,
    "throughput" : 7.5848236107131415,
    "receivedKBytesPerSec" : 23.835900761010635,
    "sentKBytesPerSec" : 2.503584355879924
  },
  "Get Home page currency" : {
    "transaction" : "Get Home page currency",
    "sampleCount" : 1800,
    "errorCount" : 0,
    "errorPct" : 0.0,
    "meanResTime" : 1720.9016666666678,
    "medianResTime" : 1701.5,
    "minResTime" : 62.0,
    "maxResTime" : 5441.0,
    "pct1ResTime" : 2812.8,
    "pct2ResTime" : 3334.6499999999987,
    "pct3ResTime" : 4258.6900000000005,
    "throughput" : 7.580926389204761,
    "receivedKBytesPerSec" : 67.80572306638997,
    "sentKBytesPerSec" : 2.3764427450534455
  },
  "Get single knockout Player details" : {
    "transaction" : "Get single knockout Player details",
    "sampleCount" : 1800,
    "errorCount" : 0,
    "errorPct" : 0.0,
    "meanResTime" : 1633.0544444444417,
    "medianResTime" : 1613.5,
    "minResTime" : 58.0,
    "maxResTime" : 6040.0,
    "pct1ResTime" : 2742.0,
    "pct2ResTime" : 2987.7999999999993,
    "pct3ResTime" : 3919.4500000000007,
    "throughput" : 7.5897807818317515,
    "receivedKBytesPerSec" : 8.96839330665666,
    "sentKBytesPerSec" : 2.416277866090968
  },
  "Get knockout players list " : {
    "transaction" : "Get knockout players list ",
    "sampleCount" : 1800,
    "errorCount" : 0,
    "errorPct" : 0.0,
    "meanResTime" : 1714.6961111111107,
    "medianResTime" : 1675.5,
    "minResTime" : 64.0,
    "maxResTime" : 6242.0,
    "pct1ResTime" : 2816.9,
    "pct2ResTime" : 3377.6499999999987,
    "pct3ResTime" : 4425.090000000001,
    "throughput" : 7.589044792228818,
    "receivedKBytesPerSec" : 34.068548672918496,
    "sentKBytesPerSec" : 2.519800028669725
  },
  "Total" : {
    "transaction" : "Total",
    "sampleCount" : 19800,
    "errorCount" : 0,
    "errorPct" : 0.0,
    "meanResTime" : 1710.5484343434346,
    "medianResTime" : 1633.0,
    "minResTime" : 58.0,
    "maxResTime" : 68016.0,
    "pct1ResTime" : 2901.0,
    "pct2ResTime" : 3375.9500000000007,
    "pct3ResTime" : 4756.990000000002,
    "throughput" : 82.77972649243904,
    "receivedKBytesPerSec" : 828.2578137085109,
    "sentKBytesPerSec" : 27.176795860177517
  },
  "Get Players list " : {
    "transaction" : "Get Players list ",
    "sampleCount" : 1800,
    "errorCount" : 0,
    "errorPct" : 0.0,
    "meanResTime" : 1701.978333333334,
    "medianResTime" : 1708.5,
    "minResTime" : 96.0,
    "maxResTime" : 5335.0,
    "pct1ResTime" : 2765.8,
    "pct2ResTime" : 3105.749999999999,
    "pct3ResTime" : 4163.99,
    "throughput" : 7.579777154551657,
    "receivedKBytesPerSec" : 23.82004187826878,
    "sentKBytesPerSec" : 2.501918631092246
  },
  "Home page " : {
    "transaction" : "Home page ",
    "sampleCount" : 1800,
    "errorCount" : 0,
    "errorPct" : 0.0,
    "meanResTime" : 1026.0422222222223,
    "medianResTime" : 287.0,
    "minResTime" : 231.0,
    "maxResTime" : 68016.0,
    "pct1ResTime" : 1263.8000000000002,
    "pct2ResTime" : 6839.499999999973,
    "pct3ResTime" : 14201.7,
    "throughput" : 7.808636351805096,
    "receivedKBytesPerSec" : 23.12850981936021,
    "sentKBytesPerSec" : 2.3563170241286864
  },
  "Get tournament result" : {
    "transaction" : "Get tournament result",
    "sampleCount" : 1800,
    "errorCount" : 0,
    "errorPct" : 0.0,
    "meanResTime" : 1901.838888888888,
    "medianResTime" : 1873.0,
    "minResTime" : 152.0,
    "maxResTime" : 7200.0,
    "pct1ResTime" : 3060.0,
    "pct2ResTime" : 3390.8999999999996,
    "pct3ResTime" : 4538.85,
    "throughput" : 7.5894287689946545,
    "receivedKBytesPerSec" : 40.31856857839458,
    "sentKBytesPerSec" : 2.5051044178908133
  }
}