{
  "Knock_out" : {
    "transaction" : "Knock_out",
    "sampleCount" : 400,
    "errorCount" : 0,
    "errorPct" : 0.0,
    "meanResTime" : 3879.7199999999993,
    "medianResTime" : 4231.0,
    "minResTime" : 468.0,
    "maxResTime" : 9587.0,
    "pct1ResTime" : 5269.200000000001,
    "pct2ResTime" : 5375.85,
    "pct3ResTime" : 5889.460000000001,
    "throughput" : 6.620872299925515,
    "receivedKBytesPerSec" : 29.724516107340893,
    "sentKBytesPerSec" : 2.198336505834644
  },
  "Get_all_group" : {
    "transaction" : "Get_all_group",
    "sampleCount" : 400,
    "errorCount" : 0,
    "errorPct" : 0.0,
    "meanResTime" : 20249.372500000016,
    "medianResTime" : 22082.5,
    "minResTime" : 1587.0,
    "maxResTime" : 43617.0,
    "pct1ResTime" : 30668.7,
    "pct2ResTime" : 31339.25,
    "pct3ResTime" : 31923.45,
    "throughput" : 3.2070298093420777,
    "receivedKBytesPerSec" : 8.427848844667512,
    "sentKBytesPerSec" : 1.0648341163831119
  },
  "Tournamnent_list " : {
    "transaction" : "Tournamnent_list ",
    "sampleCount" : 400,
    "errorCount" : 0,
    "errorPct" : 0.0,
    "meanResTime" : 3773.3399999999997,
    "medianResTime" : 4024.5,
    "minResTime" : 800.0,
    "maxResTime" : 9074.0,
    "pct1ResTime" : 5599.6,
    "pct2ResTime" : 5856.0,
    "pct3ResTime" : 7717.200000000001,
    "throughput" : 9.901725375646707,
    "receivedKBytesPerSec" : 965.5922778919227,
    "sentKBytesPerSec" : 3.76149528430329
  },
  "Get_group_match_list " : {
    "transaction" : "Get_group_match_list ",
    "sampleCount" : 400,
    "errorCount" : 0,
    "errorPct" : 0.0,
    "meanResTime" : 20800.699999999993,
    "medianResTime" : 22782.5,
    "minResTime" : 1595.0,
    "maxResTime" : 42662.0,
    "pct1ResTime" : 29606.5,
    "pct2ResTime" : 30293.8,
    "pct3ResTime" : 30927.49,
    "throughput" : 2.8937697138061753,
    "receivedKBytesPerSec" : 16.420009535875508,
    "sentKBytesPerSec" : 0.9721257632317619
  },
  "Break_tab_knock_out" : {
    "transaction" : "Break_tab_knock_out",
    "sampleCount" : 400,
    "errorCount" : 0,
    "errorPct" : 0.0,
    "meanResTime" : 3465.0424999999987,
    "medianResTime" : 3770.5,
    "minResTime" : 176.0,
    "maxResTime" : 7043.0,
    "pct1ResTime" : 5245.200000000001,
    "pct2ResTime" : 5415.75,
    "pct3ResTime" : 5804.330000000001,
    "throughput" : 7.586533902323376,
    "receivedKBytesPerSec" : 18.17360123281176,
    "sentKBytesPerSec" : 2.504148885727833
  },
  "Players_knock_out" : {
    "transaction" : "Players_knock_out",
    "sampleCount" : 400,
    "errorCount" : 0,
    "errorPct" : 0.0,
    "meanResTime" : 3216.8825000000015,
    "medianResTime" : 3455.0,
    "minResTime" : 139.0,
    "maxResTime" : 7308.0,
    "pct1ResTime" : 4768.8,
    "pct2ResTime" : 5060.25,
    "pct3ResTime" : 5740.230000000004,
    "throughput" : 8.4530853761623,
    "receivedKBytesPerSec" : 20.24943205832629,
    "sentKBytesPerSec" : 2.7901785714285716
  },
  "Get_knock_out_player_details" : {
    "transaction" : "Get_knock_out_player_details",
    "sampleCount" : 400,
    "errorCount" : 0,
    "errorPct" : 0.0,
    "meanResTime" : 11785.462500000003,
    "medianResTime" : 9356.0,
    "minResTime" : 1190.0,
    "maxResTime" : 42129.0,
    "pct1ResTime" : 25964.800000000003,
    "pct2ResTime" : 28603.349999999995,
    "pct3ResTime" : 29800.99,
    "throughput" : 2.5637245790684706,
    "receivedKBytesPerSec" : 3.0894884087602468,
    "sentKBytesPerSec" : 0.8161857546643764
  },
  "Result_Round_robin" : {
    "transaction" : "Result_Round_robin",
    "sampleCount" : 400,
    "errorCount" : 0,
    "errorPct" : 0.0,
    "meanResTime" : 10479.425000000007,
    "medianResTime" : 6916.5,
    "minResTime" : 1594.0,
    "maxResTime" : 30512.0,
    "pct1ResTime" : 22720.800000000003,
    "pct2ResTime" : 27795.65,
    "pct3ResTime" : 30307.110000000004,
    "throughput" : 2.5980099243979113,
    "receivedKBytesPerSec" : 14.741752739276714,
    "sentKBytesPerSec" : 0.8575462445766543
  },
  "Get_Knock_out" : {
    "transaction" : "Get_Knock_out",
    "sampleCount" : 400,
    "errorCount" : 0,
    "errorPct" : 0.0,
    "meanResTime" : 15119.2025,
    "medianResTime" : 13795.5,
    "minResTime" : 3323.0,
    "maxResTime" : 42077.0,
    "pct1ResTime" : 27420.800000000003,
    "pct2ResTime" : 29442.399999999998,
    "pct3ResTime" : 30223.11,
    "throughput" : 2.62415534999672,
    "receivedKBytesPerSec" : 4.261689792035688,
    "sentKBytesPerSec" : 0.8713015810535983
  },
  "Home_page " : {
    "transaction" : "Home_page ",
    "sampleCount" : 400,
    "errorCount" : 0,
    "errorPct" : 0.0,
    "meanResTime" : 735.7875000000003,
    "medianResTime" : 680.0,
    "minResTime" : 370.0,
    "maxResTime" : 1720.0,
    "pct1ResTime" : 1117.7,
    "pct2ResTime" : 1350.4499999999998,
    "pct3ResTime" : 1667.89,
    "throughput" : 12.969748062643882,
    "receivedKBytesPerSec" : 39.18789111896501,
    "sentKBytesPerSec" : 3.913722804059531
  },
  "Result" : {
    "transaction" : "Result",
    "sampleCount" : 400,
    "errorCount" : 0,
    "errorPct" : 0.0,
    "meanResTime" : 4253.570000000003,
    "medianResTime" : 4089.0,
    "minResTime" : 481.0,
    "maxResTime" : 8402.0,
    "pct1ResTime" : 5653.6,
    "pct2ResTime" : 5819.7,
    "pct3ResTime" : 7031.610000000001,
    "throughput" : 6.053726825576996,
    "receivedKBytesPerSec" : 34.35008158342792,
    "sentKBytesPerSec" : 1.9982027998486567
  },
  "Get_position_after_group" : {
    "transaction" : "Get_position_after_group",
    "sampleCount" : 400,
    "errorCount" : 0,
    "errorPct" : 0.0,
    "meanResTime" : 19459.569999999992,
    "medianResTime" : 17545.0,
    "minResTime" : 2620.0,
    "maxResTime" : 42998.0,
    "pct1ResTime" : 29878.2,
    "pct2ResTime" : 30609.7,
    "pct3ResTime" : 35277.77,
    "throughput" : 2.701844684458314,
    "receivedKBytesPerSec" : 6.4142426053888295,
    "sentKBytesPerSec" : 0.9419517112808771
  },
  "Players_schedule" : {
    "transaction" : "Players_schedule",
    "sampleCount" : 400,
    "errorCount" : 0,
    "errorPct" : 0.0,
    "meanResTime" : 4227.682500000003,
    "medianResTime" : 4663.0,
    "minResTime" : 298.0,
    "maxResTime" : 9259.0,
    "pct1ResTime" : 5712.9,
    "pct2ResTime" : 5880.45,
    "pct3ResTime" : 6203.83,
    "throughput" : 6.966213862765587,
    "receivedKBytesPerSec" : 39.52700496342737,
    "sentKBytesPerSec" : 2.2993948101706723
  },
  "Players_Round_robin" : {
    "transaction" : "Players_Round_robin",
    "sampleCount" : 400,
    "errorCount" : 0,
    "errorPct" : 0.0,
    "meanResTime" : 6934.170000000001,
    "medianResTime" : 7152.0,
    "minResTime" : 431.0,
    "maxResTime" : 17733.0,
    "pct1ResTime" : 12635.7,
    "pct2ResTime" : 13084.8,
    "pct3ResTime" : 13849.82,
    "throughput" : 9.074616030309217,
    "receivedKBytesPerSec" : 21.73831359604347,
    "sentKBytesPerSec" : 2.9953322443794095
  },
  "Currency_home_page" : {
    "transaction" : "Currency_home_page",
    "sampleCount" : 400,
    "errorCount" : 0,
    "errorPct" : 0.0,
    "meanResTime" : 2909.482499999999,
    "medianResTime" : 3240.0,
    "minResTime" : 107.0,
    "maxResTime" : 8369.0,
    "pct1ResTime" : 4726.7,
    "pct2ResTime" : 4884.3,
    "pct3ResTime" : 5391.290000000003,
    "throughput" : 9.340992947550324,
    "receivedKBytesPerSec" : 83.55155589562608,
    "sentKBytesPerSec" : 2.9281823595348184
  },
  "PlayerA_VS_playerB" : {
    "transaction" : "PlayerA_VS_playerB",
    "sampleCount" : 400,
    "errorCount" : 0,
    "errorPct" : 0.0,
    "meanResTime" : 8631.472500000007,
    "medianResTime" : 6152.0,
    "minResTime" : 494.0,
    "maxResTime" : 34278.0,
    "pct1ResTime" : 18600.200000000037,
    "pct2ResTime" : 24483.149999999998,
    "pct3ResTime" : 29977.190000000002,
    "throughput" : 2.7340706210441414,
    "receivedKBytesPerSec" : 3.428268239668631,
    "sentKBytesPerSec" : 0.9104668767344261
  },
  "Players_schedule_knock_out " : {
    "transaction" : "Players_schedule_knock_out ",
    "sampleCount" : 400,