{
  "Knock_out" : {
    "transaction" : "Knock_out",
    "sampleCount" : 400,
    "errorCount" : 0,
    "errorPct" : 0.0,
    "meanResTime" : 2828.5725000000007,
    "medianResTime" : 2519.5,
    "minResTime" : 115.0,
    "maxResTime" : 14754.0,
    "pct1ResTime" : 4044.7000000000003,
    "pct2ResTime" : 6719.249999999999,
    "pct3ResTime" : 9193.7,
    "throughput" : 4.967278055807369,
    "receivedKBytesPerSec" : 22.300507516112607,
    "sentKBytesPerSec" : 1.6492915419672904
  },
  "Get_all_group" : {
    "transaction" : "Get_all_group",
    "sampleCount" : 400,
    "errorCount" : 38,
    "errorPct" : 9.5,
    "meanResTime" : 19753.737500000017,
    "medianResTime" : 21030.5,
    "minResTime" : 0.0,
    "maxResTime" : 44566.0,
    "pct1ResTime" : 33002.7,
    "pct2ResTime" : 33655.75,
    "pct3ResTime" : 34353.9,
    "throughput" : 3.536755733965234,
    "receivedKBytesPerSec" : 9.072728269951723,
    "sentKBytesPerSec" : 1.068625218836761
  },
  "Tournamnent_list " : {
    "transaction" : "Tournamnent_list ",
    "sampleCount" : 400,
    "errorCount" : 0,
    "errorPct" : 0.0,
    "meanResTime" : 14650.022500000005,
    "medianResTime" : 12860.5,
    "minResTime" : 1929.0,
    "maxResTime" : 48984.0,
    "pct1ResTime" : 28295.70000000001,
    "pct2ResTime" : 33955.399999999994,
    "pct3ResTime" : 42321.69000000001,
    "throughput" : 5.249481613690648,
    "receivedKBytesPerSec" : 511.9167333788289,
    "sentKBytesPerSec" : 1.9941878395758421
  },
  "Get_group_match_list " : {
    "transaction" : "Get_group_match_list ",
    "sampleCount" : 400,
    "errorCount" : 18,
    "errorPct" : 4.5,
    "meanResTime" : 22477.82250000001,
    "medianResTime" : 24196.5,
    "minResTime" : 2.0,
    "maxResTime" : 44141.0,
    "pct1ResTime" : 32315.9,
    "pct2ResTime" : 32835.35,
    "pct3ResTime" : 33350.7,
    "throughput" : 3.0313823861526457,
    "receivedKBytesPerSec" : 16.689329012981894,
    "sentKBytesPerSec" : 0.99035025728858
  },
  "Break_tab_knock_out" : {
    "transaction" : "Break_tab_knock_out",
    "sampleCount" : 400,
    "errorCount" : 0,
    "errorPct" : 0.0,
    "meanResTime" : 2312.870000000001,
    "medianResTime" : 1700.0,
    "minResTime" : 395.0,
    "maxResTime" : 8264.0,
    "pct1ResTime" : 3826.300000000001,
    "pct2ResTime" : 5381.049999999999,
    "pct3ResTime" : 7748.660000000002,
    "throughput" : 4.9371744550593695,
    "receivedKBytesPerSec" : 11.82703997877015,
    "sentKBytesPerSec" : 1.6296532869238936
  },
  "Players_knock_out" : {
    "transaction" : "Players_knock_out",
    "sampleCount" : 400,
    "errorCount" : 0,
    "errorPct" : 0.0,
    "meanResTime" : 2173.6100000000006,
    "medianResTime" : 1661.5,
    "minResTime" : 367.0,
    "maxResTime" : 14206.0,
    "pct1ResTime" : 3868.5000000000005,
    "pct2ResTime" : 5678.8,
    "pct3ResTime" : 7255.830000000005,
    "throughput" : 4.999500049995,
    "receivedKBytesPerSec" : 11.976341428357165,
    "sentKBytesPerSec" : 1.6502256024397561
  },
  "Get_knock_out_player_details" : {
    "transaction" : "Get_knock_out_player_details",
    "sampleCount" : 400,
    "errorCount" : 1,
    "errorPct" : 0.25,
    "meanResTime" : 12357.122500000009,
    "medianResTime" : 11269.5,
    "minResTime" : 184.0,
    "maxResTime" : 44802.0,
    "pct1ResTime" : 22657.800000000025,
    "pct2ResTime" : 28523.699999999997,
    "pct3ResTime" : 31834.73,
    "throughput" : 2.7167084360588714,
    "receivedKBytesPerSec" : 3.286381501422876,
    "sentKBytesPerSec" : 0.8627273757615274
  },
  "Result_Round_robin" : {
    "transaction" : "Result_Round_robin",
    "sampleCount" : 400,
    "errorCount" : 3,
    "errorPct" : 0.75,
    "meanResTime" : 10718.192499999996,
    "medianResTime" : 8060.5,
    "minResTime" : 202.0,
    "maxResTime" : 44334.0,
    "pct1ResTime" : 19111.200000000004,
    "pct2ResTime" : 25573.099999999995,
    "pct3ResTime" : 32002.920000000002,
    "throughput" : 2.8961372769069254,
    "receivedKBytesPerSec" : 16.34008994995113,
    "sentKBytesPerSec" : 0.9535616831987835
  },
  "Get_Knock_out" : {
    "transaction" : "Get_Knock_out",
    "sampleCount" : 400,
    "errorCount" : 6,
    "errorPct" : 1.5,
    "meanResTime" : 16393.447499999987,
    "medianResTime" : 15574.5,
    "minResTime" : 189.0,
    "maxResTime" : 34711.0,
    "pct1ResTime" : 30300.200000000008,
    "pct2ResTime" : 31942.45,
    "pct3ResTime" : 32879.75,
    "throughput" : 2.72364532690553,
    "receivedKBytesPerSec" : 4.408382209999864,
    "sentKBytesPerSec" : 0.8998136856368564
  },
  "Home_page " : {
    "transaction" : "Home_page ",
    "sampleCount" : 400,
    "errorCount" : 0,
    "errorPct" : 0.0,
    "meanResTime" : 8010.2875,
    "medianResTime" : 5762.0,
    "minResTime" : 397.0,
    "maxResTime" : 46284.0,
    "pct1ResTime" : 18300.600000000017,
    "pct2ResTime" : 22130.75,
    "pct3ResTime" : 39484.790000000015,
    "throughput" : 6.532532009406846,
    "receivedKBytesPerSec" : 19.737943395610138,
    "sentKBytesPerSec" : 1.9712425692448394
  },
  "Result" : {
    "transaction" : "Result",
    "sampleCount" : 400,
    "errorCount" : 0,
    "errorPct" : 0.0,
    "meanResTime" : 3515.08,
    "medianResTime" : 3276.5,
    "minResTime" : 281.0,
    "maxResTime" : 33280.0,
    "pct1ResTime" : 4675.4000000000015,
    "pct2ResTime" : 8030.2999999999965,
    "pct3ResTime" : 13796.200000000012,
    "throughput" : 5.058680696074464,
    "receivedKBytesPerSec" : 28.704283161232798,
    "sentKBytesPerSec" : 1.6697598391339539
  },
  "Get_position_after_group" : {
    "transaction" : "Get_position_after_group",
    "sampleCount" : 400,
    "errorCount" : 5,
    "errorPct" : 1.25,
    "meanResTime" : 21440.567499999986,
    "medianResTime" : 19498.0,
    "minResTime" : 163.0,
    "maxResTime" : 44492.0,
    "pct1ResTime" : 32177.0,
    "pct2ResTime" : 33056.55,
    "pct3ResTime" : 33693.83,
    "throughput" : 2.856347160433879,
    "receivedKBytesPerSec" : 6.786014186226694,
    "sentKBytesPerSec" : 0.9858581805782676
  },
  "Players_schedule" : {
    "transaction" : "Players_schedule",
    "sampleCount" : 400,
    "errorCount" : 0,
    "errorPct" : 0.0,
    "meanResTime" : 3186.855,
    "medianResTime" : 2668.0,
    "minResTime" : 542.0,
    "maxResTime" : 24449.0,
    "pct1ResTime" : 4408.300000000002,
    "pct2ResTime" : 7289.399999999997,
    "pct3ResTime" : 10861.560000000007,
    "throughput" : 4.909421179242967,
    "receivedKBytesPerSec" : 27.85662629946242,
    "sentKBytesPerSec" : 1.6204925376798076
  },
  "Players_Round_robin" : {
    "transaction" : "Players_Round_robin",
    "sampleCount" : 400,
    "errorCount" : 0,
    "errorPct" : 0.0,
    "meanResTime" : 6205.43,
    "medianResTime" : 5351.0,
    "minResTime" : 423.0,
    "maxResTime" : 13221.0,
    "pct1ResTime" : 11820.300000000001,
    "pct2ResTime" : 12514.25,
    "pct3ResTime" : 13176.86,
    "throughput" : 12.083862002295934,
    "receivedKBytesPerSec" : 28.946985831671807,
    "sentKBytesPerSec" : 3.988618512476588
  },
  "Currency_home_page" : {
    "transaction" : "Currency_home_page",
    "sampleCount" : 400,
    "errorCount" : 0,
    "errorPct" : 0.0,
    "meanResTime" : 3051.6625,
    "medianResTime" : 1643.5,
    "minResTime" : 315.0,
    "maxResTime" : 43764.0,
    "pct1ResTime" : 8352.400000000003,
    "pct2ResTime" : 10497.599999999999,
    "pct3ResTime" : 25242.920000000053,
    "throughput" : 5.168492867479842,
    "receivedKBytesPerSec" : 46.22857245823212,
    "sentKBytesPerSec" : 1.6202013774033492
  },
  "PlayerA_VS_playerB" : {
    "transaction" : "PlayerA_VS_playerB",
    "sampleCount" : 400,
    "errorCount" : 3,
    "errorPct" : 0.75,
    "meanResTime" : 8881.849999999999,
    "medianResTime" : 7287.0,
    "minResTime" : 184.0,
    "maxResTime" : 45573.0,
    "pct1ResTime" : 14951.200000000008,
    "pct2ResTime" : 27426.0,
    "pct3ResTime" : 32398.06,
    "throughput" : 3.3708906735882285,
    "receivedKBytesPerSec" : 4.240977139567515,
    "sentKBytesPerSec" : 1.1169202647413263
  },