{
  "Get playerA_Vs_playerB" : {
    "transaction" : "Get playerA_Vs_playerB",
    "sampleCount" : 1400,
    "errorCount" : 0,
    "errorPct" : 0.0,
    "meanResTime" : 2092.0728571428563,
    "medianResTime" : 1946.5,
    "minResTime" : 93.0,
    "maxResTime" : 6106.0,
    "pct1ResTime" : 3749.4000000000005,
    "pct2ResTime" : 3877.0,
    "pct3ResTime" : 4812.42,
    "throughput" : 7.7139236321560425,
    "receivedKBytesPerSec" : 9.333546269766929,
    "sentKBytesPerSec" : 2.568796834536338
  },
  "Get tournamnent list " : {
    "transaction" : "Get tournamnent list ",
    "sampleCount" : 1400,
    "errorCount" : 0,
    "errorPct" : 0.0,
    "meanResTime" : 2574.891428571427,
    "medianResTime" : 2497.0,
    "minResTime" : 350.0,
    "maxResTime" : 7005.0,
    "pct1ResTime" : 4294.5,
    "pct2ResTime" : 4478.8,
    "pct3ResTime" : 5662.82,
    "throughput" : 7.717197775242127,
    "receivedKBytesPerSec" : 443.7499504755723,
    "sentKBytesPerSec" : 2.931630795477722
  },
  "Get Players schedule" : {
    "transaction" : "Get Players schedule",
    "sampleCount" : 1400,
    "errorCount" : 0,
    "errorPct" : 0.0,
    "meanResTime" : 2408.0028571428625,
    "medianResTime" : 2496.5,
    "minResTime" : 169.0,
    "maxResTime" : 5940.0,
    "pct1ResTime" : 3997.0,
    "pct2ResTime" : 4149.0,
    "pct3ResTime" : 4822.0,
    "throughput" : 7.722944869206413,
    "receivedKBytesPerSec" : 41.02802610148501,
    "sentKBytesPerSec" : 2.549175161906023
  },
  "Get Home page country " : {
    "transaction" : "Get Home page country ",
    "sampleCount" : 1400,
    "errorCount" : 0,
    "errorPct" : 0.0,
    "meanResTime" : 2065.017142857142,
    "medianResTime" : 1837.0,
    "minResTime" : 130.0,
    "maxResTime" : 6221.0,
    "pct1ResTime" : 3797.0,
    "pct2ResTime" : 3944.0,
    "pct3ResTime" : 4992.91,
    "throughput" : 7.739809711249814,
    "receivedKBytesPerSec" : 130.52046678654156,
    "sentKBytesPerSec" : 2.4186905347655667
  },
  "Get Break list " : {
    "transaction" : "Get Break list ",
    "sampleCount" : 1400,
    "errorCount" : 0,
    "errorPct" : 0.0,
    "meanResTime" : 2224.9992857142875,
    "medianResTime" : 2238.5,
    "minResTime" : 104.0,
    "maxResTime" : 8001.0,
    "pct1ResTime" : 3845.8,
    "pct2ResTime" : 3957.75,
    "pct3ResTime" : 4577.88,
    "throughput" : 7.725715042519025,
    "receivedKBytesPerSec" : 24.278663092603733,
    "sentKBytesPerSec" : 2.550089535518975
  },
  "Get Home page currency" : {
    "transaction" : "Get Home page currency",
    "sampleCount" : 1400,
    "errorCount" : 0,
    "errorPct" : 0.0,
    "meanResTime" : 2151.1828571428587,
    "medianResTime" : 2040.0,
    "minResTime" : 66.0,
    "maxResTime" : 6692.0,
    "pct1ResTime" : 3813.9,
    "pct2ResTime" : 4024.5000000000005,
    "pct3ResTime" : 5441.83,
    "throughput" : 7.728017929001595,
    "receivedKBytesPerSec" : 69.12093192306206,
    "sentKBytesPerSec" : 2.4225524953217894
  },
  "Get single knockout Player details" : {
    "transaction" : "Get single knockout Player details",
    "sampleCount" : 1400,
    "errorCount" : 0,
    "errorPct" : 0.0,
    "meanResTime" : 2095.707857142856,
    "medianResTime" : 2014.0,
    "minResTime" : 66.0,
    "maxResTime" : 7164.0,
    "pct1ResTime" : 3751.7000000000003,
    "pct2ResTime" : 3862.7000000000003,
    "pct3ResTime" : 4869.98,
    "throughput" : 7.715581617075684,
    "receivedKBytesPerSec" : 9.117044684239822,
    "sentKBytesPerSec" : 2.456327741373704
  },
  "Get knockout players list " : {
    "transaction" : "Get knockout players list ",
    "sampleCount" : 1400,
    "errorCount" : 0,
    "errorPct" : 0.0,
    "meanResTime" : 2134.072142857143,
    "medianResTime" : 2139.5,
    "minResTime" : 73.0,
    "maxResTime" : 6650.0,
    "pct1ResTime" : 3778.7000000000003,
    "pct2ResTime" : 3898.9,
    "pct3ResTime" : 4973.450000000001,
    "throughput" : 7.726311955363992,
    "receivedKBytesPerSec" : 34.68495359383881,
    "sentKBytesPerSec" : 2.5653770164294505
  },
  "Total" : {
    "transaction" : "Total",
    "sampleCount" : 15400,
    "errorCount" : 0,
    "errorPct" : 0.0,
    "meanResTime" : 2082.5367532467617,
    "medianResTime" : 1928.5,
    "minResTime" : 66.0,
    "maxResTime" : 65939.0,
    "pct1ResTime" : 3832.0,
    "pct2ResTime" : 4037.0,
    "pct3ResTime" : 5014.939999999999,
    "throughput" : 83.86657590197413,
    "receivedKBytesPerSec" : 839.1387423417291,
    "sentKBytesPerSec" : 27.53361130020422
  },
  "Get Players list " : {
    "transaction" : "Get Players list ",
    "sampleCount" : 1400,
    "errorCount" : 0,
    "errorPct" : 0.0,
    "meanResTime" : 2192.5835714285713,
    "medianResTime" : 2124.0,
    "minResTime" : 105.0,
    "maxResTime" : 6142.0,
    "pct1ResTime" : 3862.7000000000003,
    "pct2ResTime" : 3969.8,
    "pct3ResTime" : 5179.280000000002,
    "throughput" : 7.724691977907381,
    "receivedKBytesPerSec" : 24.27544803213472,
    "sentKBytesPerSec" : 2.54975184427021
  },
  "Home page " : {
    "transaction" : "Home page ",
    "sampleCount" : 1400,
    "errorCount" : 0,
    "errorPct" : 0.0,
    "meanResTime" : 615.8999999999999,
    "medianResTime" : 347.5,
    "minResTime" : 249.0,
    "maxResTime" : 65939.0,
    "pct1ResTime" : 692.6000000000004,
    "pct2ResTime" : 1489.95,
    "pct3ResTime" : 7510.400000000001,
    "throughput" : 7.820835823897123,
    "receivedKBytesPerSec" : 23.16464360730466,
    "sentKBytesPerSec" : 2.3599983101408313
  },
  "Get tournament result" : {
    "transaction" : "Get tournament result",
    "sampleCount" : 1400,
    "errorCount" : 0,
    "errorPct" : 0.0,
    "meanResTime" : 2353.4742857142874,
    "medianResTime" : 2282.5,
    "minResTime" : 203.0,
    "maxResTime" : 6471.0,
    "pct1ResTime" : 3964.8,
    "pct2ResTime" : 4117.9,
    "pct3ResTime" : 5451.950000000001,
    "throughput" : 7.70967564293188,
    "receivedKBytesPerSec" : 40.95782394404978,
    "sentKBytesPerSec" : 2.5447952805771243
  }
}