{
  "Knock_out" : {
    "transaction" : "Knock_out",
    "sampleCount" : 800,
    "errorCount" : 0,
    "errorPct" : 0.0,
    "meanResTime" : 235.92749999999995,
    "medianResTime" : 133.0,
    "minResTime" : 59.0,
    "maxResTime" : 4219.0,
    "pct1ResTime" : 509.0,
    "pct2ResTime" : 663.249999999999,
    "pct3ResTime" : 1273.860000000001,
    "throughput" : 3.107351216139582,
    "receivedKBytesPerSec" : 13.9510093611383,
    "sentKBytesPerSec" : 1.0317377084838457
  },
  "Get_all_group" : {
    "transaction" : "Get_all_group",
    "sampleCount" : 790,
    "errorCount" : 82,
    "errorPct" : 10.379746,
    "meanResTime" : 15760.387341772137,
    "medianResTime" : 17730.0,
    "minResTime" : 0.0,
    "maxResTime" : 35724.0,
    "pct1ResTime" : 30414.6,
    "pct2ResTime" : 33490.749999999985,
    "pct3ResTime" : 34973.55,
    "throughput" : 2.430552350713321,
    "receivedKBytesPerSec" : 6.236051124476585,
    "sentKBytesPerSec" : 0.7290214873134397
  },
  "Tournamnent_list " : {
    "transaction" : "Tournamnent_list ",
    "sampleCount" : 800,
    "errorCount" : 0,
    "errorPct" : 0.0,
    "meanResTime" : 2250.70875,
    "medianResTime" : 2054.0,
    "minResTime" : 437.0,
    "maxResTime" : 11412.0,
    "pct1ResTime" : 3844.8,
    "pct2ResTime" : 4551.099999999998,
    "pct3ResTime" : 6126.4000000000015,
    "throughput" : 3.0821390044691017,
    "receivedKBytesPerSec" : 261.7424379237941,
    "sentKBytesPerSec" : 1.1708516335336723
  },
  "Break_tab_knock_out" : {
    "transaction" : "Break_tab_knock_out",
    "sampleCount" : 800,
    "errorCount" : 0,
    "errorPct" : 0.0,
    "meanResTime" : 201.94750000000005,
    "medianResTime" : 100.0,
    "minResTime" : 81.0,
    "maxResTime" : 8987.0,
    "pct1ResTime" : 441.69999999999993,
    "pct2ResTime" : 551.6499999999995,
    "pct3ResTime" : 1121.8100000000002,
    "throughput" : 3.107483986746581,
    "receivedKBytesPerSec" : 7.447036819800888,
    "sentKBytesPerSec" : 1.0257124878128363
  },
  "Players_knock_out" : {
    "transaction" : "Players_knock_out",
    "sampleCount" : 800,
    "errorCount" : 0,
    "errorPct" : 0.0,
    "meanResTime" : 194.91249999999985,
    "medianResTime" : 102.0,
    "minResTime" : 80.0,
    "maxResTime" : 2030.0,
    "pct1ResTime" : 453.9,
    "pct2ResTime" : 594.9499999999999,
    "pct3ResTime" : 1073.91,
    "throughput" : 3.1073029387317543,
    "receivedKBytesPerSec" : 7.44660294106223,
    "sentKBytesPerSec" : 1.0256527278235672
  },
  "Get_knock_out_player_details" : {
    "transaction" : "Get_knock_out_player_details",
    "sampleCount" : 788,
    "errorCount" : 73,
    "errorPct" : 9.263959,
    "meanResTime" : 12684.560913705574,
    "medianResTime" : 12001.5,
    "minResTime" : 0.0,
    "maxResTime" : 35428.0,
    "pct1ResTime" : 23416.9,
    "pct2ResTime" : 28289.34999999999,
    "pct3ResTime" : 33152.48,
    "throughput" : 2.3813265318457093,
    "receivedKBytesPerSec" : 3.0767703702766327,
    "sentKBytesPerSec" : 0.692696308339478
  },
  "Result_Round_robin" : {
    "transaction" : "Result_Round_robin",
    "sampleCount" : 786,
    "errorCount" : 73,
    "errorPct" : 9.287532,
    "meanResTime" : 12513.734096692106,
    "medianResTime" : 10657.0,
    "minResTime" : 0.0,
    "maxResTime" : 38774.0,
    "pct1ResTime" : 24514.600000000013,
    "pct2ResTime" : 28006.5,
    "pct3ResTime" : 33262.8,
    "throughput" : 2.1612287657898936,
    "receivedKBytesPerSec" : 11.543752186834928,
    "sentKBytesPerSec" : 0.6525650757392447
  },
  "Get_Knock_out" : {
    "transaction" : "Get_Knock_out",
    "sampleCount" : 788,
    "errorCount" : 76,
    "errorPct" : 9.6446705,
    "meanResTime" : 13928.401015228443,
    "medianResTime" : 16041.0,
    "minResTime" : 0.0,
    "maxResTime" : 34912.0,
    "pct1ResTime" : 27217.5,
    "pct2ResTime" : 28979.299999999996,
    "pct3ResTime" : 32595.850000000002,
    "throughput" : 2.3883926541771108,
    "receivedKBytesPerSec" : 3.9856468171940027,
    "sentKBytesPerSec" : 0.725594086151869
  },
  "Home_page " : {
    "transaction" : "Home_page ",
    "sampleCount" : 800,
    "errorCount" : 0,
    "errorPct" : 0.0,
    "meanResTime" : 1658.855,
    "medianResTime" : 651.0,
    "minResTime" : 224.0,
    "maxResTime" : 66231.0,
    "pct1ResTime" : 3803.7999999999993,
    "pct2ResTime" : 7118.549999999977,
    "pct3ResTime" : 14031.970000000005,
    "throughput" : 3.049756781896644,
    "receivedKBytesPerSec" : 9.217770742158313,
    "sentKBytesPerSec" : 0.9202879351621709
  },
  "Result" : {
    "transaction" : "Result",
    "sampleCount" : 800,
    "errorCount" : 0,
    "errorPct" : 0.0,
    "meanResTime" : 512.3162500000001,
    "medianResTime" : 386.5,
    "minResTime" : 215.0,
    "maxResTime" : 4674.0,
    "pct1ResTime" : 907.5999999999999,
    "pct2ResTime" : 1144.599999999998,
    "pct3ResTime" : 1657.4600000000005,
    "throughput" : 3.104384943733023,
    "receivedKBytesPerSec" : 17.615300312863795,
    "sentKBytesPerSec" : 1.0246895615056268
  },
  "Get_position_after_group" : {
    "transaction" : "Get_position_after_group",
    "sampleCount" : 789,
    "errorCount" : 141,
    "errorPct" : 17.870722,
    "meanResTime" : 13492.318124207866,
    "medianResTime" : 10994.0,
    "minResTime" : 0.0,
    "maxResTime" : 37399.0,
    "pct1ResTime" : 25707.0,
    "pct2ResTime" : 30181.0,
    "pct3ResTime" : 34907.4,
    "throughput" : 2.37578327075197,
    "receivedKBytesPerSec" : 5.82242393880175,
    "sentKBytesPerSec" : 0.6865557748245262
  },
  "Players_schedule" : {
    "transaction" : "Players_schedule",
    "sampleCount" : 800,
    "errorCount" : 0,
    "errorPct" : 0.0,
    "meanResTime" : 521.7712499999992,
    "medianResTime" : 386.0,
    "minResTime" : 222.0,
    "maxResTime" : 8951.0,
    "pct1ResTime" : 895.3999999999999,
    "pct2ResTime" : 1207.5999999999995,
    "pct3ResTime" : 1693.91,
    "throughput" : 3.105204322444417,
    "receivedKBytesPerSec" : 17.620290884866787,
    "sentKBytesPerSec" : 1.0249600204943485
  },
  "Players_Round_robin" : {
    "transaction" : "Players_Round_robin",
    "sampleCount" : 797,
    "errorCount" : 23,
    "errorPct" : 2.8858218,
    "meanResTime" : 13887.856963613562,
    "medianResTime" : 10525.0,
    "minResTime" : 108.0,
    "maxResTime" : 36687.0,
    "pct1ResTime" : 27952.60000000001,
    "pct2ResTime" : 31827.6,
    "pct3ResTime" : 33848.46,
    "throughput" : 2.9401782552237044,
    "receivedKBytesPerSec" : 7.041894225749985,
    "sentKBytesPerSec" : 0.9461349867378409
  },
  "Currency_home_page" : {
    "transaction" : "Currency_home_page",
    "sampleCount" : 800,
    "errorCount" : 0,
    "errorPct" : 0.0,
    "meanResTime" : 328.88624999999945,
    "medianResTime" : 216.0,
    "minResTime" : 59.0,
    "maxResTime" : 2812.0,
    "pct1ResTime" : 655.9,
    "pct2ResTime" : 810.299999999999,
    "pct3ResTime" : 1547.89,
    "throughput" : 3.1062412151615635,
    "receivedKBytesPerSec" : 27.784546559158365,
    "sentKBytesPerSec" : 0.9737338184246698
  },
  "PlayerA_VS_playerB" : {
    "transaction" : "PlayerA_VS_playerB",
    "sampleCount" : 785,
    "errorCount" : 41,
    "errorPct" : 5.22293,
    "meanResTime" : 12512.901910828017,
    "medianResTime" : 10119.0,
    "minResTime" : 0.0,
    "maxResTime" : 65860.0,
    "pct1ResTime" : 27300.8,
    "pct2ResTime" : 30844.1,
    "pct3ResTime" : 33562.1,
    "throughput" : 2.0510381911149547,
    "receivedKBytesPerSec" : 2.649675267255502,
    "sentKBytesPerSec" : 0.6551692245312006
  },
  "Players_schedule_knock_out " : {
    "transaction" : "Players_schedule_knock_out ",
    "sampleCount" : 794,
    "errorCount" : 83,
    "errorPct" : 10.453401,
    "meanResTime" : 13786.045340050372,
    "medianResTime" : 10879.0,
    "minResTime" : 0.0,
    "maxResTime" : 34584.0,
    "pct1ResTime" : 28660.5,
    "pct2ResTime" : 31474.0,
    "pct3ResTime" : 33256.6,
    "throughput" : 2.5993413255986013,
    "receivedKBytesPerSec" : 13.741489709644735,
    "sentKBytesPerSec" : 0.7791028937314626
  },