{
  "Get playerA_Vs_playerB" : {
    "transaction" : "Get playerA_Vs_playerB",
    "sampleCount" : 200,
    "errorCount" : 0,
    "errorPct" : 0.0,
    "meanResTime" : 10589.615000000005,
    "medianResTime" : 11817.0,
    "minResTime" : 405.0,
    "maxResTime" : 12784.0,
    "pct1ResTime" : 12526.5,
    "pct2ResTime" : 12595.3,
    "pct3ResTime" : 12738.64,
    "throughput" : 6.008532115604158,
    "receivedKBytesPerSec" : 7.633886994532236,
    "sentKBytesPerSec" : 2.0008881361533377
  },
  "Get tournamnent list " : {
    "transaction" : "Get tournamnent list ",
    "sampleCount" : 200,
    "errorCount" : 0,
    "errorPct" : 0.0,
    "meanResTime" : 3362.0750000000016,
    "medianResTime" : 3182.0,
    "minResTime" : 677.0,
    "maxResTime" : 6666.0,
    "pct1ResTime" : 5285.8,
    "pct2ResTime" : 5658.249999999999,
    "pct3ResTime" : 6494.510000000003,
    "throughput" : 22.269235051775972,
    "receivedKBytesPerSec" : 1479.4470618528003,
    "sentKBytesPerSec" : 8.45969964369224
  },
  "Get Players schedule" : {
    "transaction" : "Get Players schedule",
    "sampleCount" : 200,
    "errorCount" : 0,
    "errorPct" : 0.0,
    "meanResTime" : 16281.309999999992,
    "medianResTime" : 17287.0,
    "minResTime" : 3191.0,
    "maxResTime" : 19820.0,
    "pct1ResTime" : 19302.1,
    "pct2ResTime" : 19662.449999999997,
    "pct3ResTime" : 19791.69,
    "throughput" : 3.3521613060020448,
    "receivedKBytesPerSec" : 27.195456145349716,
    "sentKBytesPerSec" : 1.1064751185827062
  },
  "Get Home page country " : {
    "transaction" : "Get Home page country ",
    "sampleCount" : 200,
    "errorCount" : 0,
    "errorPct" : 0.0,
    "meanResTime" : 981.515,
    "medianResTime" : 1083.0,
    "minResTime" : 194.0,
    "maxResTime" : 1920.0,
    "pct1ResTime" : 1256.9,
    "pct2ResTime" : 1291.2999999999997,
    "pct3ResTime" : 1898.9300000000019,
    "throughput" : 60.82725060827251,
    "receivedKBytesPerSec" : 1025.8391071700123,
    "sentKBytesPerSec" : 19.008515815085158
  },
  "Get Break list " : {
    "transaction" : "Get Break list ",
    "sampleCount" : 200,
    "errorCount" : 0,
    "errorPct" : 0.0,
    "meanResTime" : 18258.460000000003,
    "medianResTime" : 18599.0,
    "minResTime" : 3105.0,
    "maxResTime" : 20435.0,
    "pct1ResTime" : 19980.8,
    "pct2ResTime" : 20114.9,
    "pct3ResTime" : 20321.52,
    "throughput" : 3.3678538351435545,
    "receivedKBytesPerSec" : 8.820882798686537,
    "sentKBytesPerSec" : 1.1116548791782437
  },
  "Get Home page currency" : {
    "transaction" : "Get Home page currency",
    "sampleCount" : 200,
    "errorCount" : 0,
    "errorPct" : 0.0,
    "meanResTime" : 3684.28,
    "medianResTime" : 3164.5,
    "minResTime" : 133.0,
    "maxResTime" : 16312.0,
    "pct1ResTime" : 6951.000000000002,
    "pct2ResTime" : 11775.7,
    "pct3ResTime" : 15124.14000000003,
    "throughput" : 8.126777732629012,
    "receivedKBytesPerSec" : 72.69406649989841,
    "sentKBytesPerSec" : 2.547554347826087
  },
  "Get single knockout Player details" : {
    "transaction" : "Get single knockout Player details",
    "sampleCount" : 200,
    "errorCount" : 0,
    "errorPct" : 0.0,
    "meanResTime" : 3484.2299999999996,
    "medianResTime" : 2278.5,
    "minResTime" : 364.0,
    "maxResTime" : 19086.0,
    "pct1ResTime" : 8825.900000000001,
    "pct2ResTime" : 11810.349999999995,
    "pct3ResTime" : 19052.21000000002,
    "throughput" : 3.1373533287318818,
    "receivedKBytesPerSec" : 3.7072241482085713,
    "sentKBytesPerSec" : 0.9988058448892515
  },
  "Get knockout players list " : {
    "transaction" : "Get knockout players list ",
    "sampleCount" : 200,
    "errorCount" : 0,
    "errorPct" : 0.0,
    "meanResTime" : 8118.830000000002,
    "medianResTime" : 8111.5,
    "minResTime" : 857.0,
    "maxResTime" : 19208.0,
    "pct1ResTime" : 14219.800000000001,
    "pct2ResTime" : 14851.0,
    "pct3ResTime" : 18532.990000000005,
    "throughput" : 2.990520051436945,
    "receivedKBytesPerSec" : 13.426909353599092,
    "sentKBytesPerSec" : 0.9929461108286731
  },
  "Total" : {
    "transaction" : "Total",
    "sampleCount" : 2200,
    "errorCount" : 0,
    "errorPct" : 0.0,
    "meanResTime" : 7813.632727272723,
    "medianResTime" : 5076.0,
    "minResTime" : 133.0,
    "maxResTime" : 20435.0,
    "pct1ResTime" : 18172.100000000002,
    "pct2ResTime" : 19042.499999999993,
    "pct3ResTime" : 19975.97,
    "throughput" : 23.271065603249486,
    "receivedKBytesPerSec" : 261.50801091558424,
    "sentKBytesPerSec" : 7.639950337430451
  },
  "Get Players list " : {
    "transaction" : "Get Players list ",
    "sampleCount" : 200,
    "errorCount" : 0,
    "errorPct" : 0.0,
    "meanResTime" : 10543.684999999998,
    "medianResTime" : 10476.5,
    "minResTime" : 1138.0,
    "maxResTime" : 19952.0,
    "pct1ResTime" : 18325.2,
    "pct2ResTime" : 19291.199999999997,
    "pct3ResTime" : 19911.75,
    "throughput" : 4.511922755882419,
    "receivedKBytesPerSec" : 11.817360186793602,
    "sentKBytesPerSec" : 1.4892870034065018
  },
  "Home page " : {
    "transaction" : "Home page ",
    "sampleCount" : 200,
    "errorCount" : 0,
    "errorPct" : 0.0,
    "meanResTime" : 2876.5950000000003,
    "medianResTime" : 2918.5,
    "minResTime" : 1558.0,
    "maxResTime" : 3519.0,
    "pct1ResTime" : 3264.1,
    "pct2ResTime" : 3310.8,
    "pct3ResTime" : 3390.82,
    "throughput" : 55.540127742293805,
    "receivedKBytesPerSec" : 164.5050853929464,
    "sentKBytesPerSec" : 16.759667453485143
  },
  "Get tournament result" : {
    "transaction" : "Get tournament result",
    "sampleCount" : 200,
    "errorCount" : 0,
    "errorPct" : 0.0,
    "meanResTime" : 7769.365,
    "medianResTime" : 7993.5,
    "minResTime" : 868.0,
    "maxResTime" : 16554.0,
    "pct1ResTime" : 12112.4,
    "pct2ResTime" : 12581.25,
    "pct3ResTime" : 16223.790000000023,
    "throughput" : 4.071992833292613,
    "receivedKBytesPerSec" : 33.035552951176804,
    "sentKBytesPerSec" : 1.3440757594266635
  }
}