{
  "Knock_out" : {
    "transaction" : "Knock_out",
    "sampleCount" : 600,
    "errorCount" : 0,
    "errorPct" : 0.0,
    "meanResTime" : 252.49333333333317,
    "medianResTime" : 151.5,
    "minResTime" : 58.0,
    "maxResTime" : 8393.0,
    "pct1ResTime" : 491.79999999999995,
    "pct2ResTime" : 615.5999999999995,
    "pct3ResTime" : 1259.91,
    "throughput" : 2.633288274845075,
    "receivedKBytesPerSec" : 11.821771403421957,
    "sentKBytesPerSec" : 0.8743339975071538
  },
  "Get_all_group" : {
    "transaction" : "Get_all_group",
    "sampleCount" : 600,
    "errorCount" : 0,
    "errorPct" : 0.0,
    "meanResTime" : 9191.538333333336,
    "medianResTime" : 9412.0,
    "minResTime" : 654.0,
    "maxResTime" : 19560.0,
    "pct1ResTime" : 14870.2,
    "pct2ResTime" : 15211.349999999999,
    "pct3ResTime" : 15764.87,
    "throughput" : 2.3745918670228554,
    "receivedKBytesPerSec" : 6.240260463045414,
    "sentKBytesPerSec" : 0.7814818937370139
  },
  "Tournamnent_list " : {
    "transaction" : "Tournamnent_list ",
    "sampleCount" : 600,
    "errorCount" : 0,
    "errorPct" : 0.0,
    "meanResTime" : 2805.7683333333275,
    "medianResTime" : 2641.5,
    "minResTime" : 913.0,
    "maxResTime" : 11975.0,
    "pct1ResTime" : 4095.6999999999994,
    "pct2ResTime" : 4731.899999999997,
    "pct3ResTime" : 5925.75,
    "throughput" : 2.621850502084371,
    "receivedKBytesPerSec" : 237.49780146911021,
    "sentKBytesPerSec" : 0.9959959426863481
  },
  "Break_tab_knock_out" : {
    "transaction" : "Break_tab_knock_out",
    "sampleCount" : 600,
    "errorCount" : 0,
    "errorPct" : 0.0,
    "meanResTime" : 198.20166666666663,
    "medianResTime" : 104.0,
    "minResTime" : 78.0,
    "maxResTime" : 2055.0,
    "pct1ResTime" : 450.79999999999995,
    "pct2ResTime" : 537.6999999999996,
    "pct3ResTime" : 847.6800000000003,
    "throughput" : 2.637223531066493,
    "receivedKBytesPerSec" : 6.320064985583178,
    "sentKBytesPerSec" : 0.8704897983403074
  },
  "Players_knock_out" : {
    "transaction" : "Players_knock_out",
    "sampleCount" : 600,
    "errorCount" : 0,
    "errorPct" : 0.0,
    "meanResTime" : 199.6083333333332,
    "medianResTime" : 105.0,
    "minResTime" : 79.0,
    "maxResTime" : 1284.0,
    "pct1ResTime" : 451.9,
    "pct2ResTime" : 525.8499999999998,
    "pct3ResTime" : 1245.1000000000017,
    "throughput" : 2.637675680190616,
    "receivedKBytesPerSec" : 6.321148553894308,
    "sentKBytesPerSec" : 0.8706390428754182
  },
  "Get_knock_out_player_details" : {
    "transaction" : "Get_knock_out_player_details",
    "sampleCount" : 600,
    "errorCount" : 0,
    "errorPct" : 0.0,
    "meanResTime" : 7324.144999999999,
    "medianResTime" : 7311.5,
    "minResTime" : 58.0,
    "maxResTime" : 15979.0,
    "pct1ResTime" : 13438.7,
    "pct2ResTime" : 13740.199999999999,
    "pct3ResTime" : 14389.230000000001,
    "throughput" : 2.301460660365779,
    "receivedKBytesPerSec" : 2.7734398973548546,
    "sentKBytesPerSec" : 0.7326915774211366
  },
  "Result_Round_robin" : {
    "transaction" : "Result_Round_robin",
    "sampleCount" : 600,
    "errorCount" : 0,
    "errorPct" : 0.0,
    "meanResTime" : 7310.881666666669,
    "medianResTime" : 7348.0,
    "minResTime" : 234.0,
    "maxResTime" : 15093.0,
    "pct1ResTime" : 13666.5,
    "pct2ResTime" : 14021.8,
    "pct3ResTime" : 14636.890000000001,
    "throughput" : 2.299749327323322,
    "receivedKBytesPerSec" : 13.049168460950256,
    "sentKBytesPerSec" : 0.7590969459328932
  },
  "Get_Knock_out" : {
    "transaction" : "Get_Knock_out",
    "sampleCount" : 600,
    "errorCount" : 0,
    "errorPct" : 0.0,
    "meanResTime" : 7706.384999999997,
    "medianResTime" : 7671.5,
    "minResTime" : 55.0,
    "maxResTime" : 15842.0,
    "pct1ResTime" : 13436.8,
    "pct2ResTime" : 13798.3,
    "pct3ResTime" : 14418.85,
    "throughput" : 2.3042094065508674,
    "receivedKBytesPerSec" : 3.742090081146575,
    "sentKBytesPerSec" : 0.7650695295188428
  },
  "Home_page " : {
    "transaction" : "Home_page ",
    "sampleCount" : 600,
    "errorCount" : 0,
    "errorPct" : 0.0,
    "meanResTime" : 1174.761666666667,
    "medianResTime" : 601.5,
    "minResTime" : 219.0,
    "maxResTime" : 15261.0,
    "pct1ResTime" : 2462.899999999999,
    "pct2ResTime" : 4744.299999999994,
    "pct3ResTime" : 9193.560000000001,
    "throughput" : 2.830909760033216,
    "receivedKBytesPerSec" : 8.556314167287894,
    "sentKBytesPerSec" : 0.8542491365725232
  },
  "Result" : {
    "transaction" : "Result",
    "sampleCount" : 600,
    "errorCount" : 0,
    "errorPct" : 0.0,
    "meanResTime" : 480.0316666666668,
    "medianResTime" : 382.0,
    "minResTime" : 237.0,
    "maxResTime" : 6412.0,
    "pct1ResTime" : 706.0,
    "pct2ResTime" : 906.8499999999998,
    "pct3ResTime" : 1884.880000000001,
    "throughput" : 2.5625803475713145,
    "receivedKBytesPerSec" : 14.541617439320232,
    "sentKBytesPerSec" : 0.8458517162881878
  },
  "Get_position_after_group" : {
    "transaction" : "Get_position_after_group",
    "sampleCount" : 600,
    "errorCount" : 0,
    "errorPct" : 0.0,
    "meanResTime" : 9505.831666666672,
    "medianResTime" : 9955.0,
    "minResTime" : 711.0,
    "maxResTime" : 17197.0,
    "pct1ResTime" : 14929.8,
    "pct2ResTime" : 15340.4,
    "pct3ResTime" : 15786.84,
    "throughput" : 2.2974157901387255,
    "receivedKBytesPerSec" : 5.848987270402009,
    "sentKBytesPerSec" : 0.8009545283979737
  },
  "Players_schedule" : {
    "transaction" : "Players_schedule",
    "sampleCount" : 600,
    "errorCount" : 0,
    "errorPct" : 0.0,
    "meanResTime" : 469.48499999999984,
    "medianResTime" : 382.5,
    "minResTime" : 236.0,
    "maxResTime" : 2581.0,
    "pct1ResTime" : 723.5999999999999,
    "pct2ResTime" : 882.4999999999993,
    "pct3ResTime" : 1365.2900000000006,
    "throughput" : 2.633970315154548,
    "receivedKBytesPerSec" : 14.946418253085037,
    "sentKBytesPerSec" : 0.8694159829318724
  },
  "Players_Round_robin" : {
    "transaction" : "Players_Round_robin",
    "sampleCount" : 600,
    "errorCount" : 0,
    "errorPct" : 0.0,
    "meanResTime" : 6818.879999999996,
    "medianResTime" : 6908.0,
    "minResTime" : 249.0,
    "maxResTime" : 23047.0,
    "pct1ResTime" : 12226.3,
    "pct2ResTime" : 12939.65,
    "pct3ResTime" : 14665.730000000005,
    "throughput" : 2.8180392083188517,
    "receivedKBytesPerSec" : 6.753386930873499,
    "sentKBytesPerSec" : 0.930173098058371
  },
  "Currency_home_page" : {
    "transaction" : "Currency_home_page",
    "sampleCount" : 600,
    "errorCount" : 0,
    "errorPct" : 0.0,
    "meanResTime" : 381.3850000000003,
    "medianResTime" : 267.5,
    "minResTime" : 104.0,
    "maxResTime" : 9202.0,
    "pct1ResTime" : 670.9999999999998,
    "pct2ResTime" : 907.5999999999995,
    "pct3ResTime" : 1430.5200000000004,
    "throughput" : 2.6376408939844205,
    "receivedKBytesPerSec" : 23.592178062191177,
    "sentKBytesPerSec" : 0.826838600555663
  },
  "PlayerA_VS_playerB" : {
    "transaction" : "PlayerA_VS_playerB",
    "sampleCount" : 600,
    "errorCount" : 0,
    "errorPct" : 0.0,
    "meanResTime" : 6654.418333333335,
    "medianResTime" : 6469.5,
    "minResTime" : 147.0,
    "maxResTime" : 21879.0,
    "pct1ResTime" : 13316.7,
    "pct2ResTime" : 13676.449999999997,
    "pct3ResTime" : 14260.77,
    "throughput" : 2.3089355806972987,
    "receivedKBytesPerSec" : 2.895188755483722,
    "sentKBytesPerSec" : 0.7688935869314246
  },
  "Players_schedule_knock_out " : {
    "transaction" : "Players_schedule_knock_out ",
    "sampleCount" : 600,
    "errorCount" : 0,
    "errorPct" : 0.0,
    "meanResTime" : 7622.730000000004,
    "medianResTime" : 7523.5,
    "minResTime" : 244.0,
    "maxResTime" : 21607.0,
    "pct1ResTime" : 13568.6,
    "pct2ResTime" : 14010.75,
    "pct3ResTime" : 14466.93,
    "throughput" : 2.513562765756897,
    "receivedKBytesPerSec" : 14.262087684066106,
    "sentKBytesPerSec" : 0.8296720847908506
  },