{
  "Get playerA_Vs_playerB" : {
    "transaction" : "Get playerA_Vs_playerB",
    "sampleCount" : 700,
    "errorCount" : 0,
    "errorPct" : 0.0,
    "meanResTime" : 2397.0842857142843,
    "medianResTime" : 2333.0,
    "minResTime" : 118.0,
    "maxResTime" : 6439.0,
    "pct1ResTime" : 4085.5,
    "pct2ResTime" : 4233.849999999999,
    "pct3ResTime" : 5788.4500000000035,
    "throughput" : 9.979613076144448,
    "receivedKBytesPerSec" : 12.074941993498994,
    "sentKBytesPerSec" : 3.3232891200832584
  },
  "Get tournamnent list " : {
    "transaction" : "Get tournamnent list ",
    "sampleCount" : 700,
    "errorCount" : 0,
    "errorPct" : 0.0,
    "meanResTime" : 2898.8557142857135,
    "medianResTime" : 2783.0,
    "minResTime" : 609.0,
    "maxResTime" : 7907.0,
    "pct1ResTime" : 4661.7,
    "pct2ResTime" : 4814.599999999999,
    "pct3ResTime" : 6822.620000000001,
    "throughput" : 12.202562538133009,
    "receivedKBytesPerSec" : 701.3732649481391,
    "sentKBytesPerSec" : 4.635543776693106
  },
  "Get Players schedule" : {
    "transaction" : "Get Players schedule",
    "sampleCount" : 700,
    "errorCount" : 0,
    "errorPct" : 0.0,
    "meanResTime" : 2869.3757142857153,
    "medianResTime" : 3078.0,
    "minResTime" : 312.0,
    "maxResTime" : 6711.0,
    "pct1ResTime" : 4327.5,
    "pct2ResTime" : 4461.9,
    "pct3ResTime" : 5122.89,
    "throughput" : 10.386527190444394,
    "receivedKBytesPerSec" : 55.17978777171897,
    "sentKBytesPerSec" : 3.428365420283404
  },
  "Get Home page country " : {
    "transaction" : "Get Home page country ",
    "sampleCount" : 700,
    "errorCount" : 0,
    "errorPct" : 0.0,
    "meanResTime" : 2273.135714285714,
    "medianResTime" : 2220.0,
    "minResTime" : 208.0,
    "maxResTime" : 6495.0,
    "pct1ResTime" : 3954.5999999999995,
    "pct2ResTime" : 4248.349999999999,
    "pct3ResTime" : 5619.700000000001,
    "throughput" : 13.278700963654298,
    "receivedKBytesPerSec" : 223.9218761855983,
    "sentKBytesPerSec" : 4.149594051141968
  },
  "Get Break list " : {
    "transaction" : "Get Break list ",
    "sampleCount" : 700,
    "errorCount" : 0,
    "errorPct" : 0.0,
    "meanResTime" : 2691.832857142858,
    "medianResTime" : 2945.0,
    "minResTime" : 180.0,
    "maxResTime" : 6488.0,
    "pct1ResTime" : 4185.0,
    "pct2ResTime" : 4279.0,
    "pct3ResTime" : 5352.64,
    "throughput" : 10.74938574938575,
    "receivedKBytesPerSec" : 33.780784513206385,
    "sentKBytesPerSec" : 3.5481370930589677
  },
  "Get Home page currency" : {
    "transaction" : "Get Home page currency",
    "sampleCount" : 700,
    "errorCount" : 0,
    "errorPct" : 0.0,
    "meanResTime" : 2442.8885714285725,
    "medianResTime" : 2372.5,
    "minResTime" : 133.0,
    "maxResTime" : 6376.0,
    "pct1ResTime" : 4116.6,
    "pct2ResTime" : 4259.9,
    "pct3ResTime" : 5108.620000000003,
    "throughput" : 11.79463849433015,
    "receivedKBytesPerSec" : 105.49255976827749,
    "sentKBytesPerSec" : 3.697342731132791
  },
  "Get single knockout Player details" : {
    "transaction" : "Get single knockout Player details",
    "sampleCount" : 700,
    "errorCount" : 0,
    "errorPct" : 0.0,
    "meanResTime" : 2522.482857142856,
    "medianResTime" : 2571.0,
    "minResTime" : 114.0,
    "maxResTime" : 6447.0,
    "pct1ResTime" : 4043.3999999999996,
    "pct2ResTime" : 4198.7,
    "pct3ResTime" : 5076.83,
    "throughput" : 9.956900843491743,
    "receivedKBytesPerSec" : 11.765478535766611,
    "sentKBytesPerSec" : 3.1698727294710043
  },
  "Get knockout players list " : {
    "transaction" : "Get knockout players list ",
    "sampleCount" : 700,
    "errorCount" : 0,
    "errorPct" : 0.0,
    "meanResTime" : 2589.1957142857163,
    "medianResTime" : 2774.0,
    "minResTime" : 111.0,
    "maxResTime" : 7137.0,
    "pct1ResTime" : 4054.7999999999997,
    "pct2ResTime" : 4198.95,
    "pct3ResTime" : 5766.190000000005,
    "throughput" : 10.227638000058443,
    "receivedKBytesPerSec" : 45.91550258795769,
    "sentKBytesPerSec" : 3.3958954297069055
  },
  "Total" : {
    "transaction" : "Total",
    "sampleCount" : 7700,
    "errorCount" : 0,
    "errorPct" : 0.0,
    "meanResTime" : 2409.329740259739,
    "medianResTime" : 2427.0,
    "minResTime" : 111.0,
    "maxResTime" : 7907.0,
    "pct1ResTime" : 4139.900000000001,
    "pct2ResTime" : 4354.95,
    "pct3ResTime" : 5382.699999999993,
    "throughput" : 101.6233337732612,
    "receivedKBytesPerSec" : 1016.5863411681735,
    "sentKBytesPerSec" : 33.36320031014914
  },
  "Get Players list " : {
    "transaction" : "Get Players list ",
    "sampleCount" : 700,
    "errorCount" : 0,
    "errorPct" : 0.0,
    "meanResTime" : 2656.1157142857137,
    "medianResTime" : 2898.5,
    "minResTime" : 191.0,
    "maxResTime" : 6387.0,
    "pct1ResTime" : 4189.7,
    "pct2ResTime" : 4293.95,
    "pct3ResTime" : 5930.120000000007,
    "throughput" : 11.221905158870115,
    "receivedKBytesPerSec" : 35.26571367308987,
    "sentKBytesPerSec" : 3.7041054137676745
  },
  "Home page " : {
    "transaction" : "Home page ",
    "sampleCount" : 700,
    "errorCount" : 0,
    "errorPct" : 0.0,
    "meanResTime" : 479.00714285714275,
    "medianResTime" : 443.0,
    "minResTime" : 365.0,
    "maxResTime" : 1852.0,
    "pct1ResTime" : 513.0,
    "pct2ResTime" : 645.5499999999994,
    "pct3ResTime" : 1517.91,
    "throughput" : 14.011769886704831,
    "receivedKBytesPerSec" : 41.501658267945075,
    "sentKBytesPerSec" : 4.228161030265423
  },
  "Get tournament result" : {
    "transaction" : "Get tournament result",
    "sampleCount" : 700,
    "errorCount" : 0,
    "errorPct" : 0.0,
    "meanResTime" : 2682.6528571428585,
    "medianResTime" : 2616.0,
    "minResTime" : 294.0,
    "maxResTime" : 6258.0,
    "pct1ResTime" : 4277.999999999999,
    "pct2ResTime" : 4419.799999999999,
    "pct3ResTime" : 5590.84,
    "throughput" : 9.910943097028133,
    "receivedKBytesPerSec" : 52.65351674772402,
    "sentKBytesPerSec" : 3.271385514448739
  }
}