{
  "Get playerA_Vs_playerB" : {
    "transaction" : "Get playerA_Vs_playerB",
    "sampleCount" : 1000,
    "errorCount" : 0,
    "errorPct" : 0.0,
    "meanResTime" : 2227.541999999998,
    "medianResTime" : 2154.0,
    "minResTime" : 104.0,
    "maxResTime" : 5847.0,
    "pct1ResTime" : 3927.0,
    "pct2ResTime" : 4089.7499999999995,
    "pct3ResTime" : 4950.610000000001,
    "throughput" : 9.681666795755557,
    "receivedKBytesPerSec" : 11.714438632755016,
    "sentKBytesPerSec" : 3.2240706810084423
  },
  "Get tournamnent list " : {
    "transaction" : "Get tournamnent list ",
    "sampleCount" : 1000,
    "errorCount" : 0,
    "errorPct" : 0.0,
    "meanResTime" : 2702.085999999996,
    "medianResTime" : 2659.0,
    "minResTime" : 420.0,
    "maxResTime" : 8262.0,
    "pct1ResTime" : 4465.7,
    "pct2ResTime" : 4694.65,
    "pct3ResTime" : 5594.91,
    "throughput" : 10.66029891478157,
    "receivedKBytesPerSec" : 612.9872173021981,
    "sentKBytesPerSec" : 4.049664333837921
  },
  "Get Players schedule" : {
    "transaction" : "Get Players schedule",
    "sampleCount" : 1000,
    "errorCount" : 0,
    "errorPct" : 0.0,
    "meanResTime" : 2576.368000000002,
    "medianResTime" : 2796.0,
    "minResTime" : 192.0,
    "maxResTime" : 6376.0,
    "pct1ResTime" : 4184.2,
    "pct2ResTime" : 4376.9,
    "pct3ResTime" : 5958.72,
    "throughput" : 9.808344939874845,
    "receivedKBytesPerSec" : 52.10847998852424,
    "sentKBytesPerSec" : 3.237520107107127
  },
  "Get Home page country " : {
    "transaction" : "Get Home page country ",
    "sampleCount" : 1000,
    "errorCount" : 0,
    "errorPct" : 0.0,
    "meanResTime" : 2157.5910000000013,
    "medianResTime" : 2059.5,
    "minResTime" : 159.0,
    "maxResTime" : 6802.0,
    "pct1ResTime" : 3923.5,
    "pct2ResTime" : 4085.85,
    "pct3ResTime" : 5584.680000000001,
    "throughput" : 11.073216104885503,
    "receivedKBytesPerSec" : 186.73470451468862,
    "sentKBytesPerSec" : 3.4603800327767194
  },
  "Get Break list " : {
    "transaction" : "Get Break list ",
    "sampleCount" : 1000,
    "errorCount" : 0,
    "errorPct" : 0.0,
    "meanResTime" : 2430.9860000000012,
    "medianResTime" : 2659.0,
    "minResTime" : 112.0,
    "maxResTime" : 6336.0,
    "pct1ResTime" : 4053.3999999999996,
    "pct2ResTime" : 4181.9,
    "pct3ResTime" : 5255.140000000001,
    "throughput" : 9.971083856815236,
    "receivedKBytesPerSec" : 31.33491001096819,
    "sentKBytesPerSec" : 3.2912366636753414
  },
  "Get Home page currency" : {
    "transaction" : "Get Home page currency",
    "sampleCount" : 1000,
    "errorCount" : 0,
    "errorPct" : 0.0,
    "meanResTime" : 2326.262000000001,
    "medianResTime" : 2263.0,
    "minResTime" : 79.0,
    "maxResTime" : 8797.0,
    "pct1ResTime" : 4057.8,
    "pct2ResTime" : 4273.7,
    "pct3ResTime" : 5451.200000000001,
    "throughput" : 10.368818887840485,
    "receivedKBytesPerSec" : 92.74041726719409,
    "sentKBytesPerSec" : 3.2503817021453085
  },
  "Get single knockout Player details" : {
    "transaction" : "Get single knockout Player details",
    "sampleCount" : 1000,
    "errorCount" : 0,
    "errorPct" : 0.0,
    "meanResTime" : 2289.892000000002,
    "medianResTime" : 2269.0,
    "minResTime" : 81.0,
    "maxResTime" : 6169.0,
    "pct1ResTime" : 3873.9,
    "pct2ResTime" : 4089.95,
    "pct3ResTime" : 5133.890000000001,
    "throughput" : 9.676701406024716,
    "receivedKBytesPerSec" : 11.434383497353423,
    "sentKBytesPerSec" : 3.0806686116836492
  },
  "Get knockout players list " : {
    "transaction" : "Get knockout players list ",
    "sampleCount" : 1000,
    "errorCount" : 0,
    "errorPct" : 0.0,
    "meanResTime" : 2364.648000000001,
    "medianResTime" : 2538.0,
    "minResTime" : 90.0,
    "maxResTime" : 6068.0,
    "pct1ResTime" : 3963.6,
    "pct2ResTime" : 4146.0,
    "pct3ResTime" : 5114.260000000002,
    "throughput" : 9.709774830321686,
    "receivedKBytesPerSec" : 43.59086778988532,
    "sentKBytesPerSec" : 3.2239486741302468
  },
  "Total" : {
    "transaction" : "Total",
    "sampleCount" : 11000,
    "errorCount" : 0,
    "errorPct" : 0.0,
    "meanResTime" : 2232.81245454545,
    "medianResTime" : 2186.0,
    "minResTime" : 79.0,
    "maxResTime" : 15800.0,
    "pct1ResTime" : 4026.8999999999996,
    "pct2ResTime" : 4265.899999999998,
    "pct3ResTime" : 5413.819999999996,
    "throughput" : 104.08190299566641,
    "receivedKBytesPerSec" : 1041.4165029545068,
    "sentKBytesPerSec" : 34.17035487197926
  },
  "Get Players list " : {
    "transaction" : "Get Players list ",
    "sampleCount" : 1000,
    "errorCount" : 0,
    "errorPct" : 0.0,
    "meanResTime" : 2428.9690000000005,
    "medianResTime" : 2613.5,
    "minResTime" : 124.0,
    "maxResTime" : 6594.0,
    "pct1ResTime" : 4061.9,
    "pct2ResTime" : 4191.9,
    "pct3ResTime" : 6007.330000000002,
    "throughput" : 10.121867282076197,
    "receivedKBytesPerSec" : 31.80875870480586,
    "sentKBytesPerSec" : 3.3410069739665573
  },
  "Home page " : {
    "transaction" : "Home page ",
    "sampleCount" : 1000,
    "errorCount" : 0,
    "errorPct" : 0.0,
    "meanResTime" : 604.8340000000002,
    "medianResTime" : 365.0,
    "minResTime" : 281.0,
    "maxResTime" : 15800.0,
    "pct1ResTime" : 529.0,
    "pct2ResTime" : 1399.7999999999997,
    "pct3ResTime" : 7647.88,
    "throughput" : 11.425176518977217,
    "receivedKBytesPerSec" : 33.84039099810342,
    "sentKBytesPerSec" : 3.4476362737929303
  },
  "Get tournament result" : {
    "transaction" : "Get tournament result",
    "sampleCount" : 1000,
    "errorCount" : 0,
    "errorPct" : 0.0,
    "meanResTime" : 2451.758999999998,
    "medianResTime" : 2392.5,
    "minResTime" : 201.0,
    "maxResTime" : 6473.0,
    "pct1ResTime" : 4098.099999999999,
    "pct2ResTime" : 4286.9,
    "pct3ResTime" : 4828.72,
    "throughput" : 9.666599000473663,
    "receivedKBytesPerSec" : 51.356167199537936,
    "sentKBytesPerSec" : 3.190732873203221
  }
}