{
  "Get playerA_Vs_playerB" : {
    "transaction" : "Get playerA_Vs_playerB",
    "sampleCount" : 2198,
    "errorCount" : 226,
    "errorPct" : 10.282075,
    "meanResTime" : 3876.6251137397708,
    "medianResTime" : 3997.5,
    "minResTime" : 5.0,
    "maxResTime" : 10761.0,
    "pct1ResTime" : 5799.6,
    "pct2ResTime" : 6075.199999999999,
    "pct3ResTime" : 7576.0,
    "throughput" : 8.596952345192276,
    "receivedKBytesPerSec" : 10.184294201897353,
    "sentKBytesPerSec" : 2.7936947778794705
  },
  "Get tournamnent list " : {
    "transaction" : "Get tournamnent list ",
    "sampleCount" : 2200,
    "errorCount" : 150,
    "errorPct" : 6.818182,
    "meanResTime" : 4212.103636363638,
    "medianResTime" : 4802.0,
    "minResTime" : 0.0,
    "maxResTime" : 14043.0,
    "pct1ResTime" : 6204.8,
    "pct2ResTime" : 6439.95,
    "pct3ResTime" : 7930.409999999965,
    "throughput" : 8.945707686802642,
    "receivedKBytesPerSec" : 480.5599423726152,
    "sentKBytesPerSec" : 3.16661691887463
  },
  "Get Players schedule" : {
    "transaction" : "Get Players schedule",
    "sampleCount" : 2198,
    "errorCount" : 212,
    "errorPct" : 9.645132,
    "meanResTime" : 4229.945404913564,
    "medianResTime" : 4409.0,
    "minResTime" : 0.0,
    "maxResTime" : 10112.0,
    "pct1ResTime" : 6148.0,
    "pct2ResTime" : 6341.3499999999985,
    "pct3ResTime" : 7578.169999999973,
    "throughput" : 8.5687999001996,
    "receivedKBytesPerSec" : 42.05342062457117,
    "sentKBytesPerSec" : 2.7421010944419755
  },
  "Get Home page country " : {
    "transaction" : "Get Home page country ",
    "sampleCount" : 2200,
    "errorCount" : 62,
    "errorPct" : 2.8181818,
    "meanResTime" : 4065.636818181819,
    "medianResTime" : 4611.0,
    "minResTime" : 0.0,
    "maxResTime" : 13694.0,
    "pct1ResTime" : 5921.0,
    "pct2ResTime" : 6158.9,
    "pct3ResTime" : 7507.639999999992,
    "throughput" : 9.12711583139728,
    "receivedKBytesPerSec" : 150.10075156094425,
    "sentKBytesPerSec" : 2.7731393129770994
  },
  "Get Break list " : {
    "transaction" : "Get Break list ",
    "sampleCount" : 2198,
    "errorCount" : 199,
    "errorPct" : 9.053685,
    "meanResTime" : 4175.853958143763,
    "medianResTime" : 4372.5,
    "minResTime" : 1.0,
    "maxResTime" : 10607.0,
    "pct1ResTime" : 6046.200000000001,
    "pct2ResTime" : 6237.15,
    "pct3ResTime" : 7547.919999999978,
    "throughput" : 8.616836938709904,
    "receivedKBytesPerSec" : 25.509118605732667,
    "sentKBytesPerSec" : 2.774295526781584
  },
  "Get Home page currency" : {
    "transaction" : "Get Home page currency",
    "sampleCount" : 2198,
    "errorCount" : 168,
    "errorPct" : 7.643312,
    "meanResTime" : 3888.7361237488612,
    "medianResTime" : 4433.0,
    "minResTime" : 0.0,
    "maxResTime" : 13392.0,
    "pct1ResTime" : 5931.0,
    "pct2ResTime" : 6172.049999999999,
    "pct3ResTime" : 7565.199999999995,
    "throughput" : 8.812762869320117,
    "receivedKBytesPerSec" : 74.1735497582304,
    "sentKBytesPerSec" : 2.552697749648171
  },
  "Get single knockout Player details" : {
    "transaction" : "Get single knockout Player details",
    "sampleCount" : 2198,
    "errorCount" : 78,
    "errorPct" : 3.5486805,
    "meanResTime" : 4068.063239308469,
    "medianResTime" : 4528.0,
    "minResTime" : 1.0,
    "maxResTime" : 10528.0,
    "pct1ResTime" : 5800.0,
    "pct2ResTime" : 5994.0,
    "pct3ResTime" : 7290.099999999998,
    "throughput" : 8.543951985944073,
    "receivedKBytesPerSec" : 10.102888260520567,
    "sentKBytesPerSec" : 2.6806139167683805
  },
  "Get knockout players list " : {
    "transaction" : "Get knockout players list ",
    "sampleCount" : 2198,
    "errorCount" : 48,
    "errorPct" : 2.1838036,
    "meanResTime" : 4141.768880800729,
    "medianResTime" : 4779.0,
    "minResTime" : 5.0,
    "maxResTime" : 12482.0,
    "pct1ResTime" : 5841.0,
    "pct2ResTime" : 6054.099999999999,
    "pct3ResTime" : 6439.879999999932,
    "throughput" : 8.556857554404951,
    "receivedKBytesPerSec" : 37.953894175555725,
    "sentKBytesPerSec" : 2.780391710787558
  },
  "Total" : {
    "transaction" : "Total",
    "sampleCount" : 24184,
    "errorCount" : 1617,
    "errorPct" : 6.686239,
    "meanResTime" : 3772.190456500181,
    "medianResTime" : 4866.5,
    "minResTime" : 0.0,
    "maxResTime" : 14043.0,
    "pct1ResTime" : 6021.0,
    "pct2ResTime" : 6255.0,
    "pct3ResTime" : 7607.900000000016,
    "throughput" : 90.03186705185097,
    "receivedKBytesPerSec" : 852.389903826466,
    "sentKBytesPerSec" : 28.53846633065417
  },
  "Get Players list " : {
    "transaction" : "Get Players list ",
    "sampleCount" : 2198,
    "errorCount" : 205,
    "errorPct" : 9.32666,
    "meanResTime" : 4103.127843494083,
    "medianResTime" : 4348.5,
    "minResTime" : 0.0,
    "maxResTime" : 13007.0,
    "pct1ResTime" : 6002.0,
    "pct2ResTime" : 6248.15,
    "pct3ResTime" : 7588.459999999989,
    "throughput" : 8.700264412039456,
    "receivedKBytesPerSec" : 25.822624682844094,
    "sentKBytesPerSec" : 2.7703403129898354
  },
  "Home page " : {
    "transaction" : "Home page ",
    "sampleCount" : 2200,
    "errorCount" : 92,
    "errorPct" : 4.181818,
    "meanResTime" : 529.2900000000004,
    "medianResTime" : 287.0,
    "minResTime" : 117.0,
    "maxResTime" : 7751.0,
    "pct1ResTime" : 606.4000000000005,
    "pct2ResTime" : 1945.799999999992,
    "pct3ResTime" : 4827.809999999974,
    "throughput" : 9.132571732199787,
    "receivedKBytesPerSec" : 26.746824874634697,
    "sentKBytesPerSec" : 2.6405812830017936
  },
  "Get tournament result" : {
    "transaction" : "Get tournament result",
    "sampleCount" : 2198,
    "errorCount" : 177,
    "errorPct" : 8.052775,
    "meanResTime" : 4205.22747952685,
    "medianResTime" : 4453.0,
    "minResTime" : 5.0,
    "maxResTime" : 9213.0,
    "pct1ResTime" : 6102.800000000001,
    "pct2ResTime" : 6317.049999999999,
    "pct3ResTime" : 7713.299999999993,
    "throughput" : 8.544350543837417,
    "receivedKBytesPerSec" : 42.33022194101172,
    "sentKBytesPerSec" : 2.7868053584895396
  }
}