{
  "Get playerA_Vs_playerB" : {
    "transaction" : "Get playerA_Vs_playerB",
    "sampleCount" : 400,
    "errorCount" : 14,
    "errorPct" : 3.5,
    "meanResTime" : 13033.662500000006,
    "medianResTime" : 12663.0,
    "minResTime" : 91.0,
    "maxResTime" : 27158.0,
    "pct1ResTime" : 16963.4,
    "pct2ResTime" : 17426.85,
    "pct3ResTime" : 23329.750000000004,
    "throughput" : 4.673443159247576,
    "receivedKBytesPerSec" : 5.9434079806344196,
    "sentKBytesPerSec" : 1.5362232920025702
  },
  "Get tournamnent list " : {
    "transaction" : "Get tournamnent list ",
    "sampleCount" : 400,
    "errorCount" : 0,
    "errorPct" : 0.0,
    "meanResTime" : 6837.090000000001,
    "medianResTime" : 5727.5,
    "minResTime" : 948.0,
    "maxResTime" : 23968.0,
    "pct1ResTime" : 13302.900000000003,
    "pct2ResTime" : 15808.749999999996,
    "pct3ResTime" : 20636.38000000001,
    "throughput" : 9.631591620515291,
    "receivedKBytesPerSec" : 639.8706507344089,
    "sentKBytesPerSec" : 3.658876113652781
  },
  "Get Players schedule" : {
    "transaction" : "Get Players schedule",
    "sampleCount" : 400,
    "errorCount" : 32,
    "errorPct" : 8.0,
    "meanResTime" : 23628.069999999996,
    "medianResTime" : 24587.5,
    "minResTime" : 3.0,
    "maxResTime" : 44678.0,
    "pct1ResTime" : 33697.6,
    "pct2ResTime" : 33916.35,
    "pct3ResTime" : 34314.38,
    "throughput" : 3.224974200206398,
    "receivedKBytesPerSec" : 24.485569374234068,
    "sentKBytesPerSec" : 1.0112687653186274
  },
  "Get Home page country " : {
    "transaction" : "Get Home page country ",
    "sampleCount" : 400,
    "errorCount" : 0,
    "errorPct" : 0.0,
    "meanResTime" : 3324.3200000000015,
    "medianResTime" : 2517.5,
    "minResTime" : 339.0,
    "maxResTime" : 16258.0,
    "pct1ResTime" : 5982.8,
    "pct2ResTime" : 6317.349999999999,
    "pct3ResTime" : 9520.640000000001,
    "throughput" : 18.755568059267596,
    "receivedKBytesPerSec" : 316.256974726872,
    "sentKBytesPerSec" : 5.861115018521123
  },
  "Get Break list " : {
    "transaction" : "Get Break list ",
    "sampleCount" : 400,
    "errorCount" : 1,
    "errorPct" : 0.25,
    "meanResTime" : 25729.104999999985,
    "medianResTime" : 27793.0,
    "minResTime" : 1925.0,
    "maxResTime" : 45856.0,
    "pct1ResTime" : 33797.9,
    "pct2ResTime" : 33993.5,
    "pct3ResTime" : 37219.840000000026,
    "throughput" : 3.4329165200525233,
    "receivedKBytesPerSec" : 8.986245671306825,
    "sentKBytesPerSec" : 1.1302978215999107
  },
  "Get Home page currency" : {
    "transaction" : "Get Home page currency",
    "sampleCount" : 400,
    "errorCount" : 0,
    "errorPct" : 0.0,
    "meanResTime" : 12310.890000000003,
    "medianResTime" : 12504.5,
    "minResTime" : 233.0,
    "maxResTime" : 27525.0,
    "pct1ResTime" : 20357.0,
    "pct2ResTime" : 20567.85,
    "pct3ResTime" : 20865.96,
    "throughput" : 5.87311142760656,
    "receivedKBytesPerSec" : 52.52798445827889,
    "sentKBytesPerSec" : 1.8410827815055721
  },
  "Get single knockout Player details" : {
    "transaction" : "Get single knockout Player details",
    "sampleCount" : 400,
    "errorCount" : 48,
    "errorPct" : 12.0,
    "meanResTime" : 14635.240000000007,
    "medianResTime" : 12297.0,
    "minResTime" : 65.0,
    "maxResTime" : 33629.0,
    "pct1ResTime" : 26047.5,
    "pct2ResTime" : 32699.25,
    "pct3ResTime" : 33317.520000000004,
    "throughput" : 3.3362525543183623,
    "receivedKBytesPerSec" : 3.945224532403353,
    "sentKBytesPerSec" : 1.0183226729638435
  },
  "Get knockout players list " : {
    "transaction" : "Get knockout players list ",
    "sampleCount" : 400,
    "errorCount" : 35,
    "errorPct" : 8.75,
    "meanResTime" : 18296.53499999999,
    "medianResTime" : 17347.5,
    "minResTime" : 25.0,
    "maxResTime" : 36809.0,
    "pct1ResTime" : 29678.100000000006,
    "pct2ResTime" : 31582.399999999998,
    "pct3ResTime" : 33249.53,
    "throughput" : 3.2220646990591573,
    "receivedKBytesPerSec" : 13.66529871560446,
    "sentKBytesPerSec" : 1.0083111648569403
  },
  "Total" : {
    "transaction" : "Total",
    "sampleCount" : 4400,
    "errorCount" : 143,
    "errorPct" : 3.25,
    "meanResTime" : 14035.01272727274,
    "medianResTime" : 12848.5,
    "minResTime" : 3.0,
    "maxResTime" : 45856.0,
    "pct1ResTime" : 29548.7,
    "pct2ResTime" : 32891.0,
    "pct3ResTime" : 34013.93,
    "throughput" : 24.499841307846072,
    "receivedKBytesPerSec" : 273.1433181119949,
    "sentKBytesPerSec" : 7.90872995641534
  },
  "Get Players list " : {
    "transaction" : "Get Players list ",
    "sampleCount" : 400,
    "errorCount" : 0,
    "errorPct" : 0.0,
    "meanResTime" : 20348.215000000007,
    "medianResTime" : 21103.5,
    "minResTime" : 1317.0,
    "maxResTime" : 34692.0,
    "pct1ResTime" : 32568.1,
    "pct2ResTime" : 33859.15,
    "pct3ResTime" : 34254.8,
    "throughput" : 4.06227467070186,
    "receivedKBytesPerSec" : 10.639668619943738,
    "sentKBytesPerSec" : 1.3408680065402623
  },
  "Home page " : {
    "transaction" : "Home page ",
    "sampleCount" : 400,
    "errorCount" : 0,
    "errorPct" : 0.0,
    "meanResTime" : 1299.1074999999992,
    "medianResTime" : 1092.0,
    "minResTime" : 483.0,
    "maxResTime" : 4374.0,
    "pct1ResTime" : 1924.9,
    "pct2ResTime" : 2294.1999999999994,
    "pct3ResTime" : 3549.350000000004,
    "throughput" : 47.84116732448272,
    "receivedKBytesPerSec" : 141.70142626480086,
    "sentKBytesPerSec" : 14.436445999282382
  },
  "Get tournament result" : {
    "transaction" : "Get tournament result",
    "sampleCount" : 400,
    "errorCount" : 13,
    "errorPct" : 3.25,
    "meanResTime" : 14942.904999999999,
    "medianResTime" : 14040.5,
    "minResTime" : 103.0,
    "maxResTime" : 33164.0,
    "pct1ResTime" : 21917.90000000002,
    "pct2ResTime" : 27223.899999999998,
    "pct3ResTime" : 29733.68,
    "throughput" : 3.756185968767314,
    "receivedKBytesPerSec" : 29.70960610814529,
    "sentKBytesPerSec" : 1.215038125287583
  }
}