{
  "Get playerA_Vs_playerB" : {
    "transaction" : "Get playerA_Vs_playerB",
    "sampleCount" : 1600,
    "errorCount" : 0,
    "errorPct" : 0.0,
    "meanResTime" : 2017.6750000000025,
    "medianResTime" : 1854.0,
    "minResTime" : 93.0,
    "maxResTime" : 6196.0,
    "pct1ResTime" : 3502.9,
    "pct2ResTime" : 3766.399999999998,
    "pct3ResTime" : 4775.67,
    "throughput" : 9.09008271975275,
    "receivedKBytesPerSec" : 10.998645009544587,
    "sentKBytesPerSec" : 3.027068561948914
  },
  "Get tournamnent list " : {
    "transaction" : "Get tournamnent list ",
    "sampleCount" : 1600,
    "errorCount" : 0,
    "errorPct" : 0.0,
    "meanResTime" : 3504.160000000005,
    "medianResTime" : 3456.0,
    "minResTime" : 613.0,
    "maxResTime" : 25122.0,
    "pct1ResTime" : 5114.700000000001,
    "pct2ResTime" : 5808.849999999999,
    "pct3ResTime" : 7683.750000000001,
    "throughput" : 9.555604660746173,
    "receivedKBytesPerSec" : 549.4610205049838,
    "sentKBytesPerSec" : 3.6300099736623648
  },
  "Get Players schedule" : {
    "transaction" : "Get Players schedule",
    "sampleCount" : 1600,
    "errorCount" : 0,
    "errorPct" : 0.0,
    "meanResTime" : 2422.7806249999962,
    "medianResTime" : 2370.0,
    "minResTime" : 230.0,
    "maxResTime" : 7051.0,
    "pct1ResTime" : 3816.3000000000006,
    "pct2ResTime" : 4130.849999999999,
    "pct3ResTime" : 5509.210000000001,
    "throughput" : 9.180628873077806,
    "receivedKBytesPerSec" : 48.77265122934359,
    "sentKBytesPerSec" : 3.030324764746385
  },
  "Get Home page country " : {
    "transaction" : "Get Home page country ",
    "sampleCount" : 1600,
    "errorCount" : 0,
    "errorPct" : 0.0,
    "meanResTime" : 2206.022500000004,
    "medianResTime" : 2040.0,
    "minResTime" : 127.0,
    "maxResTime" : 11296.0,
    "pct1ResTime" : 3724.7000000000003,
    "pct2ResTime" : 4072.5999999999985,
    "pct3ResTime" : 5148.730000000001,
    "throughput" : 9.862540837083154,
    "receivedKBytesPerSec" : 166.31600389878568,
    "sentKBytesPerSec" : 3.0820440115884855
  },
  "Get Break list " : {
    "transaction" : "Get Break list ",
    "sampleCount" : 1600,
    "errorCount" : 0,
    "errorPct" : 0.0,
    "meanResTime" : 2156.3587499999994,
    "medianResTime" : 2049.0,
    "minResTime" : 102.0,
    "maxResTime" : 6229.0,
    "pct1ResTime" : 3552.4000000000005,
    "pct2ResTime" : 3930.649999999995,
    "pct3ResTime" : 5072.060000000001,
    "throughput" : 9.248554913294798,
    "receivedKBytesPerSec" : 29.064306358381504,
    "sentKBytesPerSec" : 3.0527456647398843
  },
  "Get Home page currency" : {
    "transaction" : "Get Home page currency",
    "sampleCount" : 1600,
    "errorCount" : 0,
    "errorPct" : 0.0,
    "meanResTime" : 2330.834374999998,
    "medianResTime" : 2164.0,
    "minResTime" : 134.0,
    "maxResTime" : 11789.0,
    "pct1ResTime" : 3828.800000000001,
    "pct2ResTime" : 4197.799999999999,
    "pct3ResTime" : 5459.6100000000015,
    "throughput" : 9.467903806097329,
    "receivedKBytesPerSec" : 84.68348816068217,
    "sentKBytesPerSec" : 2.967965939216058
  },
  "Get single knockout Player details" : {
    "transaction" : "Get single knockout Player details",
    "sampleCount" : 1600,
    "errorCount" : 0,
    "errorPct" : 0.0,
    "meanResTime" : 1960.2425000000005,
    "medianResTime" : 1814.5,
    "minResTime" : 60.0,
    "maxResTime" : 6129.0,
    "pct1ResTime" : 3387.6000000000004,
    "pct2ResTime" : 3620.95,
    "pct3ResTime" : 4522.170000000001,
    "throughput" : 9.098870602686441,
    "receivedKBytesPerSec" : 10.751595145752534,
    "sentKBytesPerSec" : 2.8967107582771288
  },
  "Get knockout players list " : {
    "transaction" : "Get knockout players list ",
    "sampleCount" : 1600,
    "errorCount" : 0,
    "errorPct" : 0.0,
    "meanResTime" : 2124.1850000000004,
    "medianResTime" : 1968.0,
    "minResTime" : 79.0,
    "maxResTime" : 6528.0,
    "pct1ResTime" : 3547.6000000000004,
    "pct2ResTime" : 3886.8499999999995,
    "pct3ResTime" : 5451.98,
    "throughput" : 9.161494239710498,
    "receivedKBytesPerSec" : 41.129114799248754,
    "sentKBytesPerSec" : 3.0419023842788757
  },
  "Total" : {
    "transaction" : "Total",
    "sampleCount" : 17600,
    "errorCount" : 0,
    "errorPct" : 0.0,
    "meanResTime" : 2192.8134090908998,
    "medianResTime" : 2018.0,
    "minResTime" : 60.0,
    "maxResTime" : 25122.0,
    "pct1ResTime" : 3790.0,
    "pct2ResTime" : 4263.850000000002,
    "pct3ResTime" : 5681.0,
    "throughput" : 96.14911854202973,
    "receivedKBytesPerSec" : 962.035961426312,
    "sentKBytesPerSec" : 31.566001453162812
  },
  "Get Players list " : {
    "transaction" : "Get Players list ",
    "sampleCount" : 1600,
    "errorCount" : 0,
    "errorPct" : 0.0,
    "meanResTime" : 2145.223124999999,
    "medianResTime" : 2004.5,
    "minResTime" : 101.0,
    "maxResTime" : 8329.0,
    "pct1ResTime" : 3614.9,
    "pct2ResTime" : 3931.8999999999996,
    "pct3ResTime" : 5313.410000000001,
    "throughput" : 9.366804046459348,
    "receivedKBytesPerSec" : 29.43591349756463,
    "sentKBytesPerSec" : 3.0917771168977146
  },
  "Home page " : {
    "transaction" : "Home page ",
    "sampleCount" : 1600,
    "errorCount" : 0,
    "errorPct" : 0.0,
    "meanResTime" : 885.9081249999997,
    "medianResTime" : 548.5,
    "minResTime" : 243.0,
    "maxResTime" : 16539.0,
    "pct1ResTime" : 1726.6000000000004,
    "pct2ResTime" : 2342.2499999999936,
    "pct3ResTime" : 5280.18,
    "throughput" : 9.970835306727821,
    "receivedKBytesPerSec" : 29.532757309868636,
    "sentKBytesPerSec" : 3.008777450955954
  },
  "Get tournament result" : {
    "transaction" : "Get tournament result",
    "sampleCount" : 1600,
    "errorCount" : 0,
    "errorPct" : 0.0,
    "meanResTime" : 2367.557500000001,
    "medianResTime" : 2214.0,
    "minResTime" : 221.0,
    "maxResTime" : 8550.0,
    "pct1ResTime" : 3782.9,
    "pct2ResTime" : 4160.9,
    "pct3ResTime" : 5595.390000000001,
    "throughput" : 9.077241653192637,
    "receivedKBytesPerSec" : 48.22406515048365,
    "sentKBytesPerSec" : 2.996198905057726
  }
}