{
  "Get playerA_Vs_playerB" : {
    "transaction" : "Get playerA_Vs_playerB",
    "sampleCount" : 594,
    "errorCount" : 0,
    "errorPct" : 0.0,
    "meanResTime" : 2584.7727272727307,
    "medianResTime" : 2415.0,
    "minResTime" : 108.0,
    "maxResTime" : 5594.0,
    "pct1ResTime" : 4068.0,
    "pct2ResTime" : 4229.5,
    "pct3ResTime" : 4518.349999999999,
    "throughput" : 10.531541434700896,
    "receivedKBytesPerSec" : 12.742753747650791,
    "sentKBytesPerSec" : 3.5070855754228574
  },
  "Get tournamnent list " : {
    "transaction" : "Get tournamnent list ",
    "sampleCount" : 594,
    "errorCount" : 0,
    "errorPct" : 0.0,
    "meanResTime" : 16048.90404040406,
    "medianResTime" : 14164.5,
    "minResTime" : 1448.0,
    "maxResTime" : 49334.0,
    "pct1ResTime" : 28936.0,
    "pct2ResTime" : 34198.0,
    "pct3ResTime" : 43528.049999999916,
    "throughput" : 8.114310693404732,
    "receivedKBytesPerSec" : 466.390609845432,
    "sentKBytesPerSec" : 3.082487167709415
  },
  "Get Players schedule" : {
    "transaction" : "Get Players schedule",
    "sampleCount" : 594,
    "errorCount" : 0,
    "errorPct" : 0.0,
    "meanResTime" : 3559.67171717172,
    "medianResTime" : 3640.0,
    "minResTime" : 272.0,
    "maxResTime" : 24432.0,
    "pct1ResTime" : 4545.0,
    "pct2ResTime" : 6158.75,
    "pct3ResTime" : 10091.849999999968,
    "throughput" : 9.516943042537852,
    "receivedKBytesPerSec" : 50.61921713530401,
    "sentKBytesPerSec" : 3.141334715212689
  },
  "Get Home page country " : {
    "transaction" : "Get Home page country ",
    "sampleCount" : 594,
    "errorCount" : 0,
    "errorPct" : 0.0,
    "meanResTime" : 10035.767676767671,
    "medianResTime" : 6815.5,
    "minResTime" : 1841.0,
    "maxResTime" : 63702.0,
    "pct1ResTime" : 22808.0,
    "pct2ResTime" : 28685.25,
    "pct3ResTime" : 34670.14999999996,
    "throughput" : 8.07109082015327,
    "receivedKBytesPerSec" : 136.10591045624082,
    "sentKBytesPerSec" : 2.5222158812978965
  },
  "Get Break list " : {
    "transaction" : "Get Break list ",
    "sampleCount" : 594,
    "errorCount" : 0,
    "errorPct" : 0.0,
    "meanResTime" : 3104.1801346801367,
    "medianResTime" : 2762.0,
    "minResTime" : 138.0,
    "maxResTime" : 14258.0,
    "pct1ResTime" : 4375.0,
    "pct2ResTime" : 5668.5,
    "pct3ResTime" : 9201.649999999989,
    "throughput" : 9.306698002350176,
    "receivedKBytesPerSec" : 29.24702555816686,
    "sentKBytesPerSec" : 3.0719374265569916
  },
  "Get Home page currency" : {
    "transaction" : "Get Home page currency",
    "sampleCount" : 594,
    "errorCount" : 0,
    "errorPct" : 0.0,
    "meanResTime" : 4177.474747474742,
    "medianResTime" : 2744.5,
    "minResTime" : 197.0,
    "maxResTime" : 26996.0,
    "pct1ResTime" : 9175.0,
    "pct2ResTime" : 11866.75,
    "pct3ResTime" : 22986.84999999998,
    "throughput" : 8.868848542761587,
    "receivedKBytesPerSec" : 79.32839573597259,
    "sentKBytesPerSec" : 2.7801761545180366
  },
  "Get single knockout Player details" : {
    "transaction" : "Get single knockout Player details",
    "sampleCount" : 594,
    "errorCount" : 0,
    "errorPct" : 0.0,
    "meanResTime" : 2717.9360269360263,
    "medianResTime" : 2460.0,
    "minResTime" : 94.0,
    "maxResTime" : 5751.0,
    "pct1ResTime" : 3917.5,
    "pct2ResTime" : 4083.25,
    "pct3ResTime" : 4479.349999999999,
    "throughput" : 10.042265426880812,
    "receivedKBytesPerSec" : 11.866348795435334,
    "sentKBytesPerSec" : 3.197049344885883
  },
  "Get knockout players list " : {
    "transaction" : "Get knockout players list ",
    "sampleCount" : 594,
    "errorCount" : 0,
    "errorPct" : 0.0,
    "meanResTime" : 3102.205387205387,
    "medianResTime" : 2939.5,
    "minResTime" : 96.0,
    "maxResTime" : 14044.0,
    "pct1ResTime" : 4128.0,
    "pct2ResTime" : 5250.5,
    "pct3ResTime" : 9558.099999999973,
    "throughput" : 9.796322256122702,
    "receivedKBytesPerSec" : 43.98203324709326,
    "sentKBytesPerSec" : 3.2526851241032406
  },
  "Total" : {
    "transaction" : "Total",
    "sampleCount" : 6535,
    "errorCount" : 15,
    "errorPct" : 0.22953328,
    "meanResTime" : 5603.693649579176,
    "medianResTime" : 3351.0,
    "minResTime" : 94.0,
    "maxResTime" : 63702.0,
    "pct1ResTime" : 13251.60000000002,
    "pct2ResTime" : 20114.799999999996,
    "pct3ResTime" : 33463.00000000003,
    "throughput" : 83.3258954186696,
    "receivedKBytesPerSec" : 833.5790667595343,
    "sentKBytesPerSec" : 27.298051651535822
  },
  "Get Players list " : {
    "transaction" : "Get Players list ",
    "sampleCount" : 594,
    "errorCount" : 0,
    "errorPct" : 0.0,
    "meanResTime" : 3083.0235690235677,
    "medianResTime" : 2447.0,
    "minResTime" : 134.0,
    "maxResTime" : 29897.0,
    "pct1ResTime" : 4459.0,
    "pct2ResTime" : 6880.25,
    "pct3ResTime" : 10527.949999999997,
    "throughput" : 9.062476161415821,
    "receivedKBytesPerSec" : 28.479539343199328,
    "sentKBytesPerSec" : 2.9913251392173317
  },
  "Home page " : {
    "transaction" : "Home page ",
    "sampleCount" : 595,
    "errorCount" : 15,
    "errorPct" : 2.5210085,
    "meanResTime" : 10170.275630252103,
    "medianResTime" : 6293.0,
    "minResTime" : 1438.0,
    "maxResTime" : 59776.0,
    "pct1ResTime" : 22698.199999999975,
    "pct2ResTime" : 32246.399999999987,
    "pct3ResTime" : 46061.23999999999,
    "throughput" : 9.43949994447353,
    "receivedKBytesPerSec" : 27.983621302532008,
    "sentKBytesPerSec" : 2.776633370615392
  },
  "Get tournament result" : {
    "transaction" : "Get tournament result",
    "sampleCount" : 594,
    "errorCount" : 0,
    "errorPct" : 0.0,
    "meanResTime" : 3048.730639730642,
    "medianResTime" : 2650.5,
    "minResTime" : 168.0,
    "maxResTime" : 8746.0,
    "pct1ResTime" : 4272.5,
    "pct2ResTime" : 4620.5,
    "pct3ResTime" : 8450.1,
    "throughput" : 10.290882001351328,
    "receivedKBytesPerSec" : 54.73507529755202,
    "sentKBytesPerSec" : 3.396795035602294
  }
}