{
  "Get playerA_Vs_playerB" : {
    "transaction" : "Get playerA_Vs_playerB",
    "sampleCount" : 2200,
    "errorCount" : 0,
    "errorPct" : 0.0,
    "meanResTime" : 2470.1922727272727,
    "medianResTime" : 2391.5,
    "minResTime" : 116.0,
    "maxResTime" : 9715.0,
    "pct1ResTime" : 4555.9,
    "pct2ResTime" : 4856.95,
    "pct3ResTime" : 5183.849999999997,
    "throughput" : 7.689081504263945,
    "receivedKBytesPerSec" : 9.303488265413113,
    "sentKBytesPerSec" : 2.560524211869146
  },
  "Get tournamnent list " : {
    "transaction" : "Get tournamnent list ",
    "sampleCount" : 2200,
    "errorCount" : 0,
    "errorPct" : 0.0,
    "meanResTime" : 2860.777272727274,
    "medianResTime" : 2768.0,
    "minResTime" : 321.0,
    "maxResTime" : 7813.0,
    "pct1ResTime" : 5120.8,
    "pct2ResTime" : 5290.9,
    "pct3ResTime" : 6568.949999999999,
    "throughput" : 8.104683033214464,
    "receivedKBytesPerSec" : 465.8372068499308,
    "sentKBytesPerSec" : 3.078829785078542
  },
  "Get Players schedule" : {
    "transaction" : "Get Players schedule",
    "sampleCount" : 2200,
    "errorCount" : 0,
    "errorPct" : 0.0,
    "meanResTime" : 2789.1104545454514,
    "medianResTime" : 2772.5,
    "minResTime" : 206.0,
    "maxResTime" : 9873.0,
    "pct1ResTime" : 4897.8,
    "pct2ResTime" : 5105.95,
    "pct3ResTime" : 5346.99,
    "throughput" : 7.774346071481578,
    "receivedKBytesPerSec" : 41.256689084906455,
    "sentKBytesPerSec" : 2.566141574375755
  },
  "Get Home page country " : {
    "transaction" : "Get Home page country ",
    "sampleCount" : 2200,
    "errorCount" : 0,
    "errorPct" : 0.0,
    "meanResTime" : 2484.2722727272753,
    "medianResTime" : 2375.5,
    "minResTime" : 192.0,
    "maxResTime" : 7682.0,
    "pct1ResTime" : 4565.0,
    "pct2ResTime" : 4922.95,
    "pct3ResTime" : 5826.749999999951,
    "throughput" : 8.331881566090757,
    "receivedKBytesPerSec" : 140.50498880285065,
    "sentKBytesPerSec" : 2.6037129894033617
  },
  "Get Break list " : {
    "transaction" : "Get Break list ",
    "sampleCount" : 2200,
    "errorCount" : 0,
    "errorPct" : 0.0,
    "meanResTime" : 2689.7318181818177,
    "medianResTime" : 2654.0,
    "minResTime" : 186.0,
    "maxResTime" : 7506.0,
    "pct1ResTime" : 4773.8,
    "pct2ResTime" : 5015.849999999999,
    "pct3ResTime" : 5576.639999999992,
    "throughput" : 7.829153632905221,
    "receivedKBytesPerSec" : 24.619018259721496,
    "sentKBytesPerSec" : 2.584232351486294
  },
  "Get Home page currency" : {
    "transaction" : "Get Home page currency",
    "sampleCount" : 2200,
    "errorCount" : 0,
    "errorPct" : 0.0,
    "meanResTime" : 2462.3645454545454,
    "medianResTime" : 2385.5,
    "minResTime" : 98.0,
    "maxResTime" : 7436.0,
    "pct1ResTime" : 4670.0,
    "pct2ResTime" : 4835.95,
    "pct3ResTime" : 5060.819999999996,
    "throughput" : 8.00008727367935,
    "receivedKBytesPerSec" : 71.55378484810743,
    "sentKBytesPerSec" : 2.507839858252999
  },
  "Get single knockout Player details" : {
    "transaction" : "Get single knockout Player details",
    "sampleCount" : 2200,
    "errorCount" : 0,
    "errorPct" : 0.0,
    "meanResTime" : 2480.1500000000015,
    "medianResTime" : 2407.5,
    "minResTime" : 100.0,
    "maxResTime" : 7513.0,
    "pct1ResTime" : 4568.000000000003,
    "pct2ResTime" : 4833.0,
    "pct3ResTime" : 5206.669999999971,
    "throughput" : 7.713398172625851,
    "receivedKBytesPerSec" : 9.114464637575468,
    "sentKBytesPerSec" : 2.455632621363308
  },
  "Get knockout players list " : {
    "transaction" : "Get knockout players list ",
    "sampleCount" : 2200,
    "errorCount" : 0,
    "errorPct" : 0.0,
    "meanResTime" : 2534.795,
    "medianResTime" : 2469.5,
    "minResTime" : 98.0,
    "maxResTime" : 8928.0,
    "pct1ResTime" : 4674.9000000000015,
    "pct2ResTime" : 4830.0,
    "pct3ResTime" : 6146.889999999998,
    "throughput" : 7.743806714584403,
    "receivedKBytesPerSec" : 34.76431259525762,
    "sentKBytesPerSec" : 2.5711858232018527
  },
  "Total" : {
    "transaction" : "Total",
    "sampleCount" : 24200,
    "errorCount" : 0,
    "errorPct" : 0.0,
    "meanResTime" : 2425.7235123966966,
    "medianResTime" : 2781.5,
    "minResTime" : 98.0,
    "maxResTime" : 9875.0,
    "pct1ResTime" : 4790.9000000000015,
    "pct2ResTime" : 5009.0,
    "pct3ResTime" : 5828.900000000016,
    "throughput" : 83.82694239495653,
    "receivedKBytesPerSec" : 838.5022916017181,
    "sentKBytesPerSec" : 27.52059951851467
  },
  "Get Players list " : {
    "transaction" : "Get Players list ",
    "sampleCount" : 2200,
    "errorCount" : 0,
    "errorPct" : 0.0,
    "meanResTime" : 2680.9072727272724,
    "medianResTime" : 2616.0,
    "minResTime" : 179.0,
    "maxResTime" : 9875.0,
    "pct1ResTime" : 4837.8,
    "pct2ResTime" : 5020.9,
    "pct3ResTime" : 5302.739999999994,
    "throughput" : 7.901419023025453,
    "receivedKBytesPerSec" : 24.84625903724801,
    "sentKBytesPerSec" : 2.608085575959574
  },
  "Home page " : {
    "transaction" : "Home page ",
    "sampleCount" : 2200,
    "errorCount" : 0,
    "errorPct" : 0.0,
    "meanResTime" : 496.0659090909096,
    "medianResTime" : 467.0,
    "minResTime" : 367.0,
    "maxResTime" : 7665.0,
    "pct1ResTime" : 524.0,
    "pct2ResTime" : 554.9499999999998,
    "pct3ResTime" : 1396.8499999999967,
    "throughput" : 8.46626002963191,
    "receivedKBytesPerSec" : 25.07633463854842,
    "sentKBytesPerSec" : 2.55476010659791
  },
  "Get tournament result" : {
    "transaction" : "Get tournament result",
    "sampleCount" : 2200,
    "errorCount" : 0,
    "errorPct" : 0.0,
    "meanResTime" : 2734.591818181819,
    "medianResTime" : 2673.0,
    "minResTime" : 231.0,
    "maxResTime" : 7696.0,
    "pct1ResTime" : 4839.800000000001,
    "pct2ResTime" : 5106.0,
    "pct3ResTime" : 5330.699999999993,
    "throughput" : 7.686663638587051,
    "receivedKBytesPerSec" : 40.79084604617239,
    "sentKBytesPerSec" : 2.537199521330492
  }
}