{
  "Get playerA_Vs_playerB" : {
    "transaction" : "Get playerA_Vs_playerB",
    "sampleCount" : 2000,
    "errorCount" : 0,
    "errorPct" : 0.0,
    "meanResTime" : 1931.6584999999995,
    "medianResTime" : 1891.5,
    "minResTime" : 79.0,
    "maxResTime" : 6428.0,
    "pct1ResTime" : 3414.5000000000005,
    "pct2ResTime" : 3582.449999999998,
    "pct3ResTime" : 3961.7300000000005,
    "throughput" : 7.764186138598487,
    "receivedKBytesPerSec" : 9.39436193918313,
    "sentKBytesPerSec" : 2.5855346418575036
  },
  "Get tournamnent list " : {
    "transaction" : "Get tournamnent list ",
    "sampleCount" : 2000,
    "errorCount" : 0,
    "errorPct" : 0.0,
    "meanResTime" : 2331.825999999998,
    "medianResTime" : 2278.0,
    "minResTime" : 345.0,
    "maxResTime" : 8592.0,
    "pct1ResTime" : 3834.9,
    "pct2ResTime" : 3990.749999999999,
    "pct3ResTime" : 4609.76,
    "throughput" : 8.09867424702576,
    "receivedKBytesPerSec" : 465.67886251083195,
    "sentKBytesPerSec" : 3.076547150481466
  },
  "Get Players schedule" : {
    "transaction" : "Get Players schedule",
    "sampleCount" : 2000,
    "errorCount" : 0,
    "errorPct" : 0.0,
    "meanResTime" : 2225.5279999999984,
    "medianResTime" : 2213.0,
    "minResTime" : 271.0,
    "maxResTime" : 6482.0,
    "pct1ResTime" : 3682.9,
    "pct2ResTime" : 3840.95,
    "pct3ResTime" : 5032.640000000002,
    "throughput" : 7.814942169427946,
    "receivedKBytesPerSec" : 41.471738299566276,
    "sentKBytesPerSec" : 2.579541458268209
  },
  "Get Home page country " : {
    "transaction" : "Get Home page country ",
    "sampleCount" : 2000,
    "errorCount" : 0,
    "errorPct" : 0.0,
    "meanResTime" : 1913.8910000000003,
    "medianResTime" : 1853.5,
    "minResTime" : 120.0,
    "maxResTime" : 5906.0,
    "pct1ResTime" : 3433.9,
    "pct2ResTime" : 3587.95,
    "pct3ResTime" : 4002.91,
    "throughput" : 8.258252058369326,
    "receivedKBytesPerSec" : 139.26214646939079,
    "sentKBytesPerSec" : 2.580703768240414
  },
  "Get Break list " : {
    "transaction" : "Get Break list ",
    "sampleCount" : 2000,
    "errorCount" : 0,
    "errorPct" : 0.0,
    "meanResTime" : 2122.1419999999976,
    "medianResTime" : 2118.0,
    "minResTime" : 188.0,
    "maxResTime" : 6390.0,
    "pct1ResTime" : 3595.0,
    "pct2ResTime" : 3737.8999999999996,
    "pct3ResTime" : 4030.99,
    "throughput" : 7.863427982794819,
    "receivedKBytesPerSec" : 24.72679502402277,
    "sentKBytesPerSec" : 2.595545564633446
  },
  "Get Home page currency" : {
    "transaction" : "Get Home page currency",
    "sampleCount" : 2000,
    "errorCount" : 0,
    "errorPct" : 0.0,
    "meanResTime" : 1991.1645000000026,
    "medianResTime" : 1924.0,
    "minResTime" : 62.0,
    "maxResTime" : 6975.0,
    "pct1ResTime" : 3488.0,
    "pct2ResTime" : 3698.749999999999,
    "pct3ResTime" : 4454.93,
    "throughput" : 7.991369321133176,
    "receivedKBytesPerSec" : 71.47658263450474,
    "sentKBytesPerSec" : 2.5051069844567864
  },
  "Get single knockout Player details" : {
    "transaction" : "Get single knockout Player details",
    "sampleCount" : 2000,
    "errorCount" : 0,
    "errorPct" : 0.0,
    "meanResTime" : 1909.1964999999973,
    "medianResTime" : 1866.5,
    "minResTime" : 65.0,
    "maxResTime" : 6191.0,
    "pct1ResTime" : 3394.7000000000003,
    "pct2ResTime" : 3536.95,
    "pct3ResTime" : 3914.8500000000004,
    "throughput" : 7.772906756210552,
    "receivedKBytesPerSec" : 9.184782397475361,
    "sentKBytesPerSec" : 2.474577736840469
  },
  "Get knockout players list " : {
    "transaction" : "Get knockout players list ",
    "sampleCount" : 2000,
    "errorCount" : 0,
    "errorPct" : 0.0,
    "meanResTime" : 1948.9645000000044,
    "medianResTime" : 1912.0,
    "minResTime" : 84.0,
    "maxResTime" : 6158.0,
    "pct1ResTime" : 3413.8,
    "pct2ResTime" : 3542.0,
    "pct3ResTime" : 3954.8900000000003,
    "throughput" : 7.796784606028474,
    "receivedKBytesPerSec" : 35.00147545011812,
    "sentKBytesPerSec" : 2.5887761387203914
  },
  "Total" : {
    "transaction" : "Total",
    "sampleCount" : 22000,
    "errorCount" : 0,
    "errorPct" : 0.0,
    "meanResTime" : 1923.3901818181798,
    "medianResTime" : 2028.0,
    "minResTime" : 62.0,
    "maxResTime" : 8592.0,
    "pct1ResTime" : 3540.0,
    "pct2ResTime" : 3750.9500000000007,
    "pct3ResTime" : 4272.990000000002,
    "throughput" : 84.13548873158102,
    "receivedKBytesPerSec" : 841.7643606372116,
    "sentKBytesPerSec" : 27.621896069725373
  },
  "Get Players list " : {
    "transaction" : "Get Players list ",
    "sampleCount" : 2000,
    "errorCount" : 0,
    "errorPct" : 0.0,
    "meanResTime" : 2104.0139999999997,
    "medianResTime" : 2073.0,
    "minResTime" : 132.0,
    "maxResTime" : 6061.0,
    "pct1ResTime" : 3601.9,
    "pct2ResTime" : 3740.95,
    "pct3ResTime" : 4152.6900000000005,
    "throughput" : 7.915306223409519,
    "receivedKBytesPerSec" : 24.88992777283071,
    "sentKBytesPerSec" : 2.6126694370238446
  },
  "Home page " : {
    "transaction" : "Home page ",
    "sampleCount" : 2000,
    "errorCount" : 0,
    "errorPct" : 0.0,
    "meanResTime" : 501.7904999999992,
    "medianResTime" : 285.0,
    "minResTime" : 236.0,
    "maxResTime" : 7685.0,
    "pct1ResTime" : 713.9000000000001,
    "pct2ResTime" : 1475.8499999999995,
    "pct3ResTime" : 4247.8200000000015,
    "throughput" : 8.328891257995735,
    "receivedKBytesPerSec" : 24.669460142090887,
    "sentKBytesPerSec" : 2.5133080065631663
  },
  "Get tournament result" : {
    "transaction" : "Get tournament result",
    "sampleCount" : 2000,
    "errorCount" : 0,
    "errorPct" : 0.0,
    "meanResTime" : 2177.1164999999964,
    "medianResTime" : 2123.0,
    "minResTime" : 291.0,
    "maxResTime" : 6652.0,
    "pct1ResTime" : 3653.9,
    "pct2ResTime" : 3806.6499999999987,
    "pct3ResTime" : 4272.67,
    "throughput" : 7.757801439072167,
    "receivedKBytesPerSec" : 41.16887188233355,
    "sentKBytesPerSec" : 2.5606805531312427
  }
}