{
  "Knock_out" : {
    "transaction" : "Knock_out",
    "sampleCount" : 500,
    "errorCount" : 0,
    "errorPct" : 0.0,
    "meanResTime" : 94.44400000000003,
    "medianResTime" : 78.0,
    "minResTime" : 59.0,
    "maxResTime" : 627.0,
    "pct1ResTime" : 137.60000000000014,
    "pct2ResTime" : 231.79999999999995,
    "pct3ResTime" : 389.83000000000015,
    "throughput" : 3.24321519381454,
    "receivedKBytesPerSec" : 14.558850014675548,
    "sentKBytesPerSec" : 1.076848794821234
  },
  "Get_all_group" : {
    "transaction" : "Get_all_group",
    "sampleCount" : 500,
    "errorCount" : 0,
    "errorPct" : 0.0,
    "meanResTime" : 11432.116000000007,
    "medianResTime" : 11748.0,
    "minResTime" : 681.0,
    "maxResTime" : 21332.0,
    "pct1ResTime" : 18283.100000000002,
    "pct2ResTime" : 18563.25,
    "pct3ResTime" : 18811.92,
    "throughput" : 2.37876618155695,
    "receivedKBytesPerSec" : 6.251230268134524,
    "sentKBytesPerSec" : 0.782855667172551
  },
  "Tournamnent_list " : {
    "transaction" : "Tournamnent_list ",
    "sampleCount" : 500,
    "errorCount" : 0,
    "errorPct" : 0.0,
    "meanResTime" : 612.5960000000006,
    "medianResTime" : 573.0,
    "minResTime" : 423.0,
    "maxResTime" : 1424.0,
    "pct1ResTime" : 834.8000000000001,
    "pct2ResTime" : 903.6999999999999,
    "pct3ResTime" : 1138.7200000000003,
    "throughput" : 3.238740518587132,
    "receivedKBytesPerSec" : 284.22827493344386,
    "sentKBytesPerSec" : 1.2303418571585882
  },
  "Break_tab_knock_out" : {
    "transaction" : "Break_tab_knock_out",
    "sampleCount" : 500,
    "errorCount" : 0,
    "errorPct" : 0.0,
    "meanResTime" : 123.19,
    "medianResTime" : 103.5,
    "minResTime" : 80.0,
    "maxResTime" : 771.0,
    "pct1ResTime" : 164.90000000000003,
    "pct2ResTime" : 273.5999999999999,
    "pct3ResTime" : 455.8900000000001,
    "throughput" : 3.2434466161121454,
    "receivedKBytesPerSec" : 7.772869136659379,
    "sentKBytesPerSec" : 1.0705907775838917
  },
  "Players_knock_out" : {
    "transaction" : "Players_knock_out",
    "sampleCount" : 500,
    "errorCount" : 0,
    "errorPct" : 0.0,
    "meanResTime" : 118.89600000000002,
    "medianResTime" : 101.0,
    "minResTime" : 81.0,
    "maxResTime" : 508.0,
    "pct1ResTime" : 165.90000000000003,
    "pct2ResTime" : 241.89999999999998,
    "pct3ResTime" : 410.5900000000004,
    "throughput" : 3.24586801002324,
    "receivedKBytesPerSec" : 7.778671969333039,
    "sentKBytesPerSec" : 1.0713900267459524
  },
  "Get_knock_out_player_details" : {
    "transaction" : "Get_knock_out_player_details",
    "sampleCount" : 500,
    "errorCount" : 0,
    "errorPct" : 0.0,
    "meanResTime" : 9364.733999999999,
    "medianResTime" : 9595.5,
    "minResTime" : 72.0,
    "maxResTime" : 23925.0,
    "pct1ResTime" : 16651.2,
    "pct2ResTime" : 16830.5,
    "pct3ResTime" : 17325.99,
    "throughput" : 2.2348566115998,
    "receivedKBytesPerSec" : 2.6931768151505397,
    "sentKBytesPerSec" : 0.7114875540835299
  },
  "Result_Round_robin" : {
    "transaction" : "Result_Round_robin",
    "sampleCount" : 500,
    "errorCount" : 0,
    "errorPct" : 0.0,
    "meanResTime" : 9246.672000000006,
    "medianResTime" : 9159.0,
    "minResTime" : 509.0,
    "maxResTime" : 21543.0,
    "pct1ResTime" : 16789.800000000003,
    "pct2ResTime" : 17206.35,
    "pct3ResTime" : 17737.92,
    "throughput" : 2.2154969581226767,
    "receivedKBytesPerSec" : 12.571240343202634,
    "sentKBytesPerSec" : 0.7312870818803366
  },
  "Get_Knock_out" : {
    "transaction" : "Get_Knock_out",
    "sampleCount" : 500,
    "errorCount" : 0,
    "errorPct" : 0.0,
    "meanResTime" : 9974.794000000009,
    "medianResTime" : 10231.0,
    "minResTime" : 70.0,
    "maxResTime" : 24577.0,
    "pct1ResTime" : 16742.2,
    "pct2ResTime" : 17043.05,
    "pct3ResTime" : 17504.99,
    "throughput" : 2.2608271009866248,
    "receivedKBytesPerSec" : 3.6716362001374585,
    "sentKBytesPerSec" : 0.7506652483744654
  },
  "Home_page " : {
    "transaction" : "Home_page ",
    "sampleCount" : 500,
    "errorCount" : 0,
    "errorPct" : 0.0,
    "meanResTime" : 527.5479999999998,
    "medianResTime" : 293.0,
    "minResTime" : 218.0,
    "maxResTime" : 22335.0,
    "pct1ResTime" : 565.6000000000001,
    "pct2ResTime" : 1381.6,
    "pct3ResTime" : 7529.6900000000005,
    "throughput" : 3.209798874002555,
    "receivedKBytesPerSec" : 9.698357144691315,
    "sentKBytesPerSec" : 0.9685818867839742
  },
  "Result" : {
    "transaction" : "Result",
    "sampleCount" : 500,
    "errorCount" : 0,
    "errorPct" : 0.0,
    "meanResTime" : 300.00600000000003,
    "medianResTime" : 269.0,
    "minResTime" : 223.0,
    "maxResTime" : 791.0,
    "pct1ResTime" : 397.90000000000003,
    "pct2ResTime" : 475.79999999999995,
    "pct3ResTime" : 608.99,
    "throughput" : 3.2399157621901833,
    "receivedKBytesPerSec" : 18.384901992548194,
    "sentKBytesPerSec" : 1.0694253199416817
  },
  "Get_position_after_group" : {
    "transaction" : "Get_position_after_group",
    "sampleCount" : 500,
    "errorCount" : 0,
    "errorPct" : 0.0,
    "meanResTime" : 11757.025999999994,
    "medianResTime" : 12462.5,
    "minResTime" : 1165.0,
    "maxResTime" : 19586.0,
    "pct1ResTime" : 17878.7,
    "pct2ResTime" : 18266.65,
    "pct3ResTime" : 18789.79,
    "throughput" : 2.27188048091166,
    "receivedKBytesPerSec" : 5.783976966539744,
    "sentKBytesPerSec" : 0.7920520817240847
  },
  "Players_schedule" : {
    "transaction" : "Players_schedule",
    "sampleCount" : 500,
    "errorCount" : 0,
    "errorPct" : 0.0,
    "meanResTime" : 305.28599999999994,
    "medianResTime" : 273.0,
    "minResTime" : 222.0,
    "maxResTime" : 697.0,
    "pct1ResTime" : 410.80000000000007,
    "pct2ResTime" : 476.84999999999997,
    "pct3ResTime" : 653.9100000000001,
    "throughput" : 3.240230704426155,
    "receivedKBytesPerSec" : 18.386613189359082,
    "sentKBytesPerSec" : 1.0695292754844146
  },
  "Players_Round_robin" : {
    "transaction" : "Players_Round_robin",
    "sampleCount" : 500,
    "errorCount" : 0,
    "errorPct" : 0.0,
    "meanResTime" : 7930.798000000004,
    "medianResTime" : 7432.0,
    "minResTime" : 262.0,
    "maxResTime" : 19291.0,
    "pct1ResTime" : 14913.000000000002,
    "pct2ResTime" : 16022.1,
    "pct3ResTime" : 18299.15,
    "throughput" : 3.215330696762162,
    "receivedKBytesPerSec" : 7.705489775248385,
    "sentKBytesPerSec" : 1.061310327642198
  },
  "Currency_home_page" : {
    "transaction" : "Currency_home_page",
    "sampleCount" : 500,
    "errorCount" : 0,
    "errorPct" : 0.0,
    "meanResTime" : 145.12800000000004,
    "medianResTime" : 74.0,
    "minResTime" : 56.0,
    "maxResTime" : 1000.0,
    "pct1ResTime" : 432.50000000000017,
    "pct2ResTime" : 470.95,
    "pct3ResTime" : 728.8700000000001,
    "throughput" : 3.2476811556548624,
    "receivedKBytesPerSec" : 29.04788188264829,
    "sentKBytesPerSec" : 1.0180719247707137
  },
  "PlayerA_VS_playerB" : {
    "transaction" : "PlayerA_VS_playerB",
    "sampleCount" : 500,
    "errorCount" : 0,
    "errorPct" : 0.0,
    "meanResTime" : 8297.867999999991,
    "medianResTime" : 7169.0,
    "minResTime" : 240.0,
    "maxResTime" : 29655.0,
    "pct1ResTime" : 16564.4,
    "pct2ResTime" : 16963.35,
    "pct3ResTime" : 17439.53,
    "throughput" : 2.2188495708744926,
    "receivedKBytesPerSec" : 2.7822293447293447,
    "sentKBytesPerSec" : 0.7388942418634786
  },
  "Players_schedule_knock_out " : {
    "transaction" : "Players_schedule_knock_out ",
    "sampleCount" : 500,
    "errorCount" : 0,
    "errorPct" : 0.0,
    "meanResTime" : 9612.400000000005,
    "medianResTime" : 9929.0,
    "minResTime" : 231.0,
    "maxResTime" : 34594.0,
    "pct1ResTime" : 16769.7,
    "pct2ResTime" : 17104.4,
    "pct3ResTime" : 18087.2,
    "throughput" : 2.5903380391141044,
    "receivedKBytesPerSec" : 14.698266092475068,
    "sentKBytesPerSec" : 0.8550139230669602
  },
  "Total" : {
    "transaction" : "Total",