{
  "Knock_out" : {
    "transaction" : "Knock_out",
    "sampleCount" : 500,
    "errorCount" : 0,
    "errorPct" : 0.0,
    "meanResTime" : 89.712,
    "medianResTime" : 74.5,
    "minResTime" : 58.0,
    "maxResTime" : 542.0,
    "pct1ResTime" : 129.80000000000007,
    "pct2ResTime" : 188.95,
    "pct3ResTime" : 290.95000000000005,
    "throughput" : 4.235349924610771,
    "receivedKBytesPerSec" : 19.01400789045691,
    "sentKBytesPerSec" : 1.40626852965592
  },
  "Get_all_group" : {
    "transaction" : "Get_all_group",
    "sampleCount" : 500,
    "errorCount" : 8,
    "errorPct" : 1.6,
    "meanResTime" : 13283.512000000002,
    "medianResTime" : 11253.5,
    "minResTime" : 728.0,
    "maxResTime" : 73763.0,
    "pct1ResTime" : 22543.9,
    "pct2ResTime" : 29901.049999999996,
    "pct3ResTime" : 64682.69,
    "throughput" : 2.1705628269410258,
    "receivedKBytesPerSec" : 5.683364399513795,
    "sentKBytesPerSec" : 0.7029062479650974
  },
  "Tournamnent_list " : {
    "transaction" : "Tournamnent_list ",
    "sampleCount" : 500,
    "errorCount" : 0,
    "errorPct" : 0.0,
    "meanResTime" : 606.8479999999998,
    "medianResTime" : 571.5,
    "minResTime" : 423.0,
    "maxResTime" : 1337.0,
    "pct1ResTime" : 795.9000000000001,
    "pct2ResTime" : 905.9999999999998,
    "pct3ResTime" : 1105.0,
    "throughput" : 4.215496163898491,
    "receivedKBytesPerSec" : 369.9495721271394,
    "sentKBytesPerSec" : 1.6013945388247197
  },
  "Break_tab_knock_out" : {
    "transaction" : "Break_tab_knock_out",
    "sampleCount" : 500,
    "errorCount" : 0,
    "errorPct" : 0.0,
    "meanResTime" : 130.30799999999996,
    "medianResTime" : 108.0,
    "minResTime" : 82.0,
    "maxResTime" : 585.0,
    "pct1ResTime" : 202.7000000000001,
    "pct2ResTime" : 281.95,
    "pct3ResTime" : 512.7100000000003,
    "throughput" : 4.230011082629036,
    "receivedKBytesPerSec" : 10.137155465597319,
    "sentKBytesPerSec" : 1.3962341268834124
  },
  "Players_knock_out" : {
    "transaction" : "Players_knock_out",
    "sampleCount" : 500,
    "errorCount" : 0,
    "errorPct" : 0.0,
    "meanResTime" : 125.03999999999994,
    "medianResTime" : 105.5,
    "minResTime" : 80.0,
    "maxResTime" : 619.0,
    "pct1ResTime" : 185.80000000000007,
    "pct2ResTime" : 230.95,
    "pct3ResTime" : 413.95000000000005,
    "throughput" : 4.229617473395706,
    "receivedKBytesPerSec" : 10.136212187219789,
    "sentKBytesPerSec" : 1.396104205085692
  },
  "Get_knock_out_player_details" : {
    "transaction" : "Get_knock_out_player_details",
    "sampleCount" : 500,
    "errorCount" : 1,
    "errorPct" : 0.2,
    "meanResTime" : 10538.135999999988,
    "medianResTime" : 8317.5,
    "minResTime" : 61.0,
    "maxResTime" : 84937.0,
    "pct1ResTime" : 19694.9,
    "pct2ResTime" : 21130.2,
    "pct3ResTime" : 45320.50000000002,
    "throughput" : 2.182748429512505,
    "receivedKBytesPerSec" : 2.6339890355089515,
    "sentKBytesPerSec" : 0.693508628950229
  },
  "Result_Round_robin" : {
    "transaction" : "Result_Round_robin",
    "sampleCount" : 500,
    "errorCount" : 3,
    "errorPct" : 0.6,
    "meanResTime" : 10447.40800000002,
    "medianResTime" : 7578.5,
    "minResTime" : 237.0,
    "maxResTime" : 129992.0,
    "pct1ResTime" : 19882.600000000002,
    "pct2ResTime" : 21335.049999999996,
    "pct3ResTime" : 51068.80000000005,
    "throughput" : 2.1817198060887435,
    "receivedKBytesPerSec" : 12.334565982297526,
    "sentKBytesPerSec" : 0.7158171549719213
  },
  "Get_Knock_out" : {
    "transaction" : "Get_Knock_out",
    "sampleCount" : 500,
    "errorCount" : 9,
    "errorPct" : 1.8,
    "meanResTime" : 12457.450000000008,
    "medianResTime" : 9296.5,
    "minResTime" : 72.0,
    "maxResTime" : 109463.0,
    "pct1ResTime" : 20594.300000000003,
    "pct2ResTime" : 33488.14999999997,
    "pct3ResTime" : 64685.0,
    "throughput" : 2.1820435274042844,
    "receivedKBytesPerSec" : 3.5596843796777558,
    "sentKBytesPerSec" : 0.7114655204392017
  },
  "Home_page " : {
    "transaction" : "Home_page ",
    "sampleCount" : 500,
    "errorCount" : 0,
    "errorPct" : 0.0,
    "meanResTime" : 546.3340000000001,
    "medianResTime" : 294.0,
    "minResTime" : 222.0,
    "maxResTime" : 8424.0,
    "pct1ResTime" : 1292.900000000001,
    "pct2ResTime" : 2051.1,
    "pct3ResTime" : 3492.100000000001,
    "throughput" : 4.106135387495996,
    "receivedKBytesPerSec" : 12.406623914953723,
    "sentKBytesPerSec" : 1.2390584323596316
  },
  "Result" : {
    "transaction" : "Result",
    "sampleCount" : 500,
    "errorCount" : 0,
    "errorPct" : 0.0,
    "meanResTime" : 349.6100000000002,
    "medianResTime" : 309.0,
    "minResTime" : 224.0,
    "maxResTime" : 979.0,
    "pct1ResTime" : 502.60000000000014,
    "pct2ResTime" : 614.8499999999999,
    "pct3ResTime" : 865.8000000000002,
    "throughput" : 4.23930000678288,
    "receivedKBytesPerSec" : 24.05466590606559,
    "sentKBytesPerSec" : 1.3993001975513804
  },
  "Get_position_after_group" : {
    "transaction" : "Get_position_after_group",
    "sampleCount" : 500,
    "errorCount" : 3,
    "errorPct" : 0.6,
    "meanResTime" : 13772.888000000006,
    "medianResTime" : 11901.0,
    "minResTime" : 748.0,
    "maxResTime" : 78156.0,
    "pct1ResTime" : 22148.100000000002,
    "pct2ResTime" : 29840.599999999995,
    "pct3ResTime" : 64682.94,
    "throughput" : 2.1704309173543317,
    "receivedKBytesPerSec" : 5.518994627912176,
    "sentKBytesPerSec" : 0.7521433344438705
  },
  "Players_schedule" : {
    "transaction" : "Players_schedule",
    "sampleCount" : 500,
    "errorCount" : 0,
    "errorPct" : 0.0,
    "meanResTime" : 344.37,
    "medianResTime" : 309.5,
    "minResTime" : 220.0,
    "maxResTime" : 863.0,
    "pct1ResTime" : 497.0,
    "pct2ResTime" : 567.9,
    "pct3ResTime" : 714.9000000000001,
    "throughput" : 4.226578415709347,
    "receivedKBytesPerSec" : 23.98307532713717,
    "sentKBytesPerSec" : 1.3951010786228115
  },
  "Players_Round_robin" : {
    "transaction" : "Players_Round_robin",
    "sampleCount" : 500,
    "errorCount" : 2,
    "errorPct" : 0.4,
    "meanResTime" : 13504.784000000001,
    "medianResTime" : 7705.0,
    "minResTime" : 270.0,
    "maxResTime" : 131065.0,
    "pct1ResTime" : 38551.30000000002,
    "pct2ResTime" : 42029.4,
    "pct3ResTime" : 85078.04000000001,
    "throughput" : 2.190455746222559,
    "receivedKBytesPerSec" : 5.251677546842896,
    "sentKBytesPerSec" : 0.7201294395061837
  },
  "Currency_home_page" : {
    "transaction" : "Currency_home_page",
    "sampleCount" : 500,
    "errorCount" : 0,
    "errorPct" : 0.0,
    "meanResTime" : 149.39800000000008,
    "medianResTime" : 73.0,
    "minResTime" : 56.0,
    "maxResTime" : 1351.0,
    "pct1ResTime" : 391.80000000000007,
    "pct2ResTime" : 509.5999999999999,
    "pct3ResTime" : 807.8000000000002,
    "throughput" : 4.230404765127927,
    "receivedKBytesPerSec" : 37.83864885895408,
    "sentKBytesPerSec" : 1.3261327437559227
  },
  "PlayerA_VS_playerB" : {
    "transaction" : "PlayerA_VS_playerB",
    "sampleCount" : 500,
    "errorCount" : 0,
    "errorPct" : 0.0,
    "meanResTime" : 9493.241999999991,
    "medianResTime" : 5699.0,
    "minResTime" : 154.0,
    "maxResTime" : 80717.0,
    "pct1ResTime" : 19853.600000000002,
    "pct2ResTime" : 21352.6,
    "pct3ResTime" : 41768.51,
    "throughput" : 2.1866717980564863,
    "receivedKBytesPerSec" : 2.741881434281766,
    "sentKBytesPerSec" : 0.7281787921262323
  },
  "Players_schedule_knock_out " : {
    "transaction" : "Players_schedule_knock_out ",
    "sampleCount" : 500,
    "errorCount" : 11,
    "errorPct" : 2.2,
    "meanResTime" : 11886.441999999992,
    "medianResTime" : 8408.5,
    "minResTime" : 230.0,
    "maxResTime" : 91864.0,
    "pct1ResTime" : 23119.200000000023,
    "pct2ResTime" : 39771.2,
    "pct3ResTime" : 64692.98,
    "throughput" : 2.176051250359049,
    "receivedKBytesPerSec" : 12.173242954218058,
    "sentKBytesPerSec" : 0.7024650444567271
  },