{
  "Get playerA_Vs_playerB" : {
    "transaction" : "Get playerA_Vs_playerB",
    "sampleCount" : 2400,
    "errorCount" : 0,
    "errorPct" : 0.0,
    "meanResTime" : 2518.951666666664,
    "medianResTime" : 2466.5,
    "minResTime" : 119.0,
    "maxResTime" : 7367.0,
    "pct1ResTime" : 4550.8,
    "pct2ResTime" : 4768.95,
    "pct3ResTime" : 5035.779999999995,
    "throughput" : 7.827303591753936,
    "receivedKBytesPerSec" : 9.470731591975708,
    "sentKBytesPerSec" : 2.606553246863371
  },
  "Get tournamnent list " : {
    "transaction" : "Get tournamnent list ",
    "sampleCount" : 2400,
    "errorCount" : 0,
    "errorPct" : 0.0,
    "meanResTime" : 2876.92083333333,
    "medianResTime" : 2839.5,
    "minResTime" : 293.0,
    "maxResTime" : 7795.0,
    "pct1ResTime" : 4944.700000000001,
    "pct2ResTime" : 5129.0,
    "pct3ResTime" : 5392.939999999999,
    "throughput" : 8.250966910184786,
    "receivedKBytesPerSec" : 474.2452191663086,
    "sentKBytesPerSec" : 3.134400515685432
  },
  "Get Players schedule" : {
    "transaction" : "Get Players schedule",
    "sampleCount" : 2400,
    "errorCount" : 0,
    "errorPct" : 0.0,
    "meanResTime" : 2826.220416666666,
    "medianResTime" : 2900.5,
    "minResTime" : 211.0,
    "maxResTime" : 9239.0,
    "pct1ResTime" : 4814.8,
    "pct2ResTime" : 5008.0,
    "pct3ResTime" : 5387.189999999982,
    "throughput" : 7.91483636075824,
    "receivedKBytesPerSec" : 42.00049653231232,
    "sentKBytesPerSec" : 2.612514345640904
  },
  "Get Home page country " : {
    "transaction" : "Get Home page country ",
    "sampleCount" : 2400,
    "errorCount" : 0,
    "errorPct" : 0.0,
    "meanResTime" : 2524.5558333333397,
    "medianResTime" : 2483.5,
    "minResTime" : 184.0,
    "maxResTime" : 7336.0,
    "pct1ResTime" : 4553.0,
    "pct2ResTime" : 4775.95,
    "pct3ResTime" : 5041.769999999995,
    "throughput" : 8.395072092681596,
    "receivedKBytesPerSec" : 141.56994775707284,
    "sentKBytesPerSec" : 2.623460028962999
  },
  "Get Break list " : {
    "transaction" : "Get Break list ",
    "sampleCount" : 2400,
    "errorCount" : 0,
    "errorPct" : 0.0,
    "meanResTime" : 2725.567083333339,
    "medianResTime" : 2779.5,
    "minResTime" : 164.0,
    "maxResTime" : 7295.0,
    "pct1ResTime" : 4699.9,
    "pct2ResTime" : 4904.649999999999,
    "pct3ResTime" : 5123.859999999997,
    "throughput" : 7.976098292117954,
    "receivedKBytesPerSec" : 25.08109033263653,
    "sentKBytesPerSec" : 2.632735569077996
  },
  "Get Home page currency" : {
    "transaction" : "Get Home page currency",
    "sampleCount" : 2400,
    "errorCount" : 0,
    "errorPct" : 0.0,
    "meanResTime" : 2507.969999999999,
    "medianResTime" : 2461.0,
    "minResTime" : 95.0,
    "maxResTime" : 9191.0,
    "pct1ResTime" : 4574.400000000001,
    "pct2ResTime" : 4737.95,
    "pct3ResTime" : 4943.889999999998,
    "throughput" : 8.159157974896992,
    "receivedKBytesPerSec" : 72.97750290138806,
    "sentKBytesPerSec" : 2.55770479486517
  },
  "Get single knockout Player details" : {
    "transaction" : "Get single knockout Player details",
    "sampleCount" : 2400,
    "errorCount" : 0,
    "errorPct" : 0.0,
    "meanResTime" : 2505.8254166666707,
    "medianResTime" : 2514.5,
    "minResTime" : 90.0,
    "maxResTime" : 7235.0,
    "pct1ResTime" : 4508.6,
    "pct2ResTime" : 4714.849999999999,
    "pct3ResTime" : 4924.98,
    "throughput" : 7.826384699417913,
    "receivedKBytesPerSec" : 9.24797410771062,
    "sentKBytesPerSec" : 2.4916029414162497
  },
  "Get knockout players list " : {
    "transaction" : "Get knockout players list ",
    "sampleCount" : 2400,
    "errorCount" : 0,
    "errorPct" : 0.0,
    "meanResTime" : 2531.404166666664,
    "medianResTime" : 2557.5,
    "minResTime" : 103.0,
    "maxResTime" : 7206.0,
    "pct1ResTime" : 4529.700000000001,
    "pct2ResTime" : 4710.0,
    "pct3ResTime" : 4918.969999999999,
    "throughput" : 7.835839169401048,
    "receivedKBytesPerSec" : 35.17649641061429,
    "sentKBytesPerSec" : 2.6017434742151915
  },
  "Total" : {
    "transaction" : "Total",
    "sampleCount" : 26400,
    "errorCount" : 0,
    "errorPct" : 0.0,
    "meanResTime" : 2451.3437878787768,
    "medianResTime" : 3105.0,
    "minResTime" : 90.0,
    "maxResTime" : 9301.0,
    "pct1ResTime" : 4737.0,
    "pct2ResTime" : 4920.0,
    "pct3ResTime" : 5319.990000000002,
    "throughput" : 85.36672120651633,
    "receivedKBytesPerSec" : 853.9018619201368,
    "sentKBytesPerSec" : 28.02611283928421
  },
  "Get Players list " : {
    "transaction" : "Get Players list ",
    "sampleCount" : 2400,
    "errorCount" : 0,
    "errorPct" : 0.0,
    "meanResTime" : 2711.69125,
    "medianResTime" : 2713.5,
    "minResTime" : 166.0,
    "maxResTime" : 7668.0,
    "pct1ResTime" : 4743.0,
    "pct2ResTime" : 4933.95,
    "pct3ResTime" : 5171.859999999997,
    "throughput" : 8.05834239896853,
    "receivedKBytesPerSec" : 25.33970949675652,
    "sentKBytesPerSec" : 2.6598825496595353
  },
  "Home page " : {
    "transaction" : "Home page ",
    "sampleCount" : 2400,
    "errorCount" : 0,
    "errorPct" : 0.0,
    "meanResTime" : 461.2375000000008,
    "medianResTime" : 450.0,
    "minResTime" : 347.0,
    "maxResTime" : 1750.0,
    "pct1ResTime" : 504.0,
    "pct2ResTime" : 534.9499999999998,
    "pct3ResTime" : 828.9699999999993,
    "throughput" : 8.54235405921987,
    "receivedKBytesPerSec" : 25.301718614857293,
    "sentKBytesPerSec" : 2.5777220745106835
  },
  "Get tournament result" : {
    "transaction" : "Get tournament result",
    "sampleCount" : 2400,
    "errorCount" : 0,
    "errorPct" : 0.0,
    "meanResTime" : 2774.4375000000027,
    "medianResTime" : 2774.5,
    "minResTime" : 195.0,
    "maxResTime" : 9301.0,
    "pct1ResTime" : 4809.0,
    "pct2ResTime" : 5002.0,
    "pct3ResTime" : 5249.949999999999,
    "throughput" : 7.8241394261645745,
    "receivedKBytesPerSec" : 41.520278172607036,
    "sentKBytesPerSec" : 2.582577271526979
  }
}