{
  "Get playerA_Vs_playerB" : {
    "transaction" : "Get playerA_Vs_playerB",
    "sampleCount" : 400,
    "errorCount" : 0,
    "errorPct" : 0.0,
    "meanResTime" : 1984.115,
    "medianResTime" : 1849.0,
    "minResTime" : 116.0,
    "maxResTime" : 4124.0,
    "pct1ResTime" : 3188.6000000000004,
    "pct2ResTime" : 3389.45,
    "pct3ResTime" : 3476.99,
    "throughput" : 20.03104812459312,
    "receivedKBytesPerSec" : 24.236785767940304,
    "sentKBytesPerSec" : 6.670495518052982
  },
  "Get tournamnent list " : {
    "transaction" : "Get tournamnent list ",
    "sampleCount" : 400,
    "errorCount" : 0,
    "errorPct" : 0.0,
    "meanResTime" : 3263.442499999999,
    "medianResTime" : 3310.0,
    "minResTime" : 669.0,
    "maxResTime" : 7943.0,
    "pct1ResTime" : 4834.6,
    "pct2ResTime" : 5177.5,
    "pct3ResTime" : 7179.300000000001,
    "throughput" : 20.94460152895591,
    "receivedKBytesPerSec" : 1203.843743454812,
    "sentKBytesPerSec" : 7.956494135511572
  },
  "Get Players schedule" : {
    "transaction" : "Get Players schedule",
    "sampleCount" : 400,
    "errorCount" : 0,
    "errorPct" : 0.0,
    "meanResTime" : 3328.594999999998,
    "medianResTime" : 3294.5,
    "minResTime" : 850.0,
    "maxResTime" : 6148.0,
    "pct1ResTime" : 4386.6,
    "pct2ResTime" : 4729.0,
    "pct3ResTime" : 5158.010000000002,
    "throughput" : 15.075566275958241,
    "receivedKBytesPerSec" : 80.18095979534918,
    "sentKBytesPerSec" : 4.976114649681528
  },
  "Get Home page country " : {
    "transaction" : "Get Home page country ",
    "sampleCount" : 400,
    "errorCount" : 0,
    "errorPct" : 0.0,
    "meanResTime" : 2122.4250000000006,
    "medianResTime" : 1862.0,
    "minResTime" : 251.0,
    "maxResTime" : 6070.0,
    "pct1ResTime" : 4016.0,
    "pct2ResTime" : 4063.85,
    "pct3ResTime" : 5308.710000000002,
    "throughput" : 29.704440813901677,
    "receivedKBytesPerSec" : 500.89026297712763,
    "sentKBytesPerSec" : 9.282637754344275
  },
  "Get Break list " : {
    "transaction" : "Get Break list ",
    "sampleCount" : 400,
    "errorCount" : 0,
    "errorPct" : 0.0,
    "meanResTime" : 3192.0849999999996,
    "medianResTime" : 3322.5,
    "minResTime" : 446.0,
    "maxResTime" : 6023.0,
    "pct1ResTime" : 4016.3000000000006,
    "pct2ResTime" : 4641.85,
    "pct3ResTime" : 5930.75,
    "throughput" : 15.264845061822623,
    "receivedKBytesPerSec" : 47.970968172798045,
    "sentKBytesPerSec" : 5.03859143642192
  },
  "Get Home page currency" : {
    "transaction" : "Get Home page currency",
    "sampleCount" : 400,
    "errorCount" : 0,
    "errorPct" : 0.0,
    "meanResTime" : 2849.1275000000005,
    "medianResTime" : 3023.5,
    "minResTime" : 197.0,
    "maxResTime" : 6061.0,
    "pct1ResTime" : 4305.900000000001,
    "pct2ResTime" : 4611.75,
    "pct3ResTime" : 5969.300000000001,
    "throughput" : 18.363786612799558,
    "receivedKBytesPerSec" : 164.24501702954274,
    "sentKBytesPerSec" : 5.7566167018639245
  },
  "Get single knockout Player details" : {
    "transaction" : "Get single knockout Player details",
    "sampleCount" : 400,
    "errorCount" : 0,
    "errorPct" : 0.0,
    "meanResTime" : 2516.925000000001,
    "medianResTime" : 2549.0,
    "minResTime" : 745.0,
    "maxResTime" : 4689.0,
    "pct1ResTime" : 3375.8,
    "pct2ResTime" : 4179.399999999996,
    "pct3ResTime" : 4667.93,
    "throughput" : 15.45177115926913,
    "receivedKBytesPerSec" : 18.25844052999575,
    "sentKBytesPerSec" : 4.919216208907946
  },
  "Get knockout players list " : {
    "transaction" : "Get knockout players list ",
    "sampleCount" : 400,
    "errorCount" : 0,
    "errorPct" : 0.0,
    "meanResTime" : 2841.960000000001,
    "medianResTime" : 2918.0,
    "minResTime" : 457.0,
    "maxResTime" : 6071.0,
    "pct1ResTime" : 3712.1000000000045,
    "pct2ResTime" : 4374.599999999999,
    "pct3ResTime" : 4691.97,
    "throughput" : 15.177961599757152,
    "receivedKBytesPerSec" : 68.14015424603475,
    "sentKBytesPerSec" : 5.039557562419367
  },
  "Total" : {
    "transaction" : "Total",
    "sampleCount" : 4400,
    "errorCount" : 0,
    "errorPct" : 0.0,
    "meanResTime" : 2569.926363636362,
    "medianResTime" : 2650.5,
    "minResTime" : 116.0,
    "maxResTime" : 7943.0,
    "pct1ResTime" : 4062.0,
    "pct2ResTime" : 4658.95,
    "pct3ResTime" : 5230.869999999997,
    "throughput" : 121.81279588051272,
    "receivedKBytesPerSec" : 1218.6754080469118,
    "sentKBytesPerSec" : 39.991452340743606
  },
  "Get Players list " : {
    "transaction" : "Get Players list ",
    "sampleCount" : 400,
    "errorCount" : 0,
    "errorPct" : 0.0,
    "meanResTime" : 3112.322500000001,
    "medianResTime" : 3049.5,
    "minResTime" : 301.0,
    "maxResTime" : 6122.0,
    "pct1ResTime" : 4683.7,
    "pct2ResTime" : 4751.8,
    "pct3ResTime" : 6086.150000000001,
    "throughput" : 16.53370809738354,
    "receivedKBytesPerSec" : 51.95846939197288,
    "sentKBytesPerSec" : 5.457415368081676
  },
  "Home page " : {
    "transaction" : "Home page ",
    "sampleCount" : 400,
    "errorCount" : 0,
    "errorPct" : 0.0,
    "meanResTime" : 665.8374999999995,
    "medianResTime" : 622.0,
    "minResTime" : 387.0,
    "maxResTime" : 1550.0,
    "pct1ResTime" : 938.9000000000001,
    "pct2ResTime" : 983.0,
    "pct3ResTime" : 1104.8200000000002,
    "throughput" : 47.09206498704968,
    "receivedKBytesPerSec" : 139.48264951730633,
    "sentKBytesPerSec" : 14.210398516599954
  },
  "Get tournament result" : {
    "transaction" : "Get tournament result",
    "sampleCount" : 400,
    "errorCount" : 0,
    "errorPct" : 0.0,
    "meanResTime" : 2392.354999999998,
    "medianResTime" : 2120.5,
    "minResTime" : 486.0,
    "maxResTime" : 4885.0,
    "pct1ResTime" : 3398.4000000000005,
    "pct2ResTime" : 3496.0,
    "pct3ResTime" : 4647.470000000002,
    "throughput" : 16.514594773130753,
    "receivedKBytesPerSec" : 87.83772668861731,
    "sentKBytesPerSec" : 5.4511064778498
  }
}