{
  "Get playerA_Vs_playerB" : {
    "transaction" : "Get playerA_Vs_playerB",
    "sampleCount" : 1200,
    "errorCount" : 0,
    "errorPct" : 0.0,
    "meanResTime" : 1662.0749999999994,
    "medianResTime" : 1596.5,
    "minResTime" : 102.0,
    "maxResTime" : 6461.0,
    "pct1ResTime" : 2897.7000000000003,
    "pct2ResTime" : 3398.95,
    "pct3ResTime" : 4457.290000000002,
    "throughput" : 9.3745605674734,
    "receivedKBytesPerSec" : 11.342852092870647,
    "sentKBytesPerSec" : 3.1218019077230754
  },
  "Get tournamnent list " : {
    "transaction" : "Get tournamnent list ",
    "sampleCount" : 1200,
    "errorCount" : 0,
    "errorPct" : 0.0,
    "meanResTime" : 2144.1141666666676,
    "medianResTime" : 2029.0,
    "minResTime" : 402.0,
    "maxResTime" : 7680.0,
    "pct1ResTime" : 3542.7000000000003,
    "pct2ResTime" : 3899.8,
    "pct3ResTime" : 5269.74,
    "throughput" : 10.233930596894002,
    "receivedKBytesPerSec" : 588.4649593814229,
    "sentKBytesPerSec" : 3.887694338077897
  },
  "Get Players schedule" : {
    "transaction" : "Get Players schedule",
    "sampleCount" : 1200,
    "errorCount" : 0,
    "errorPct" : 0.0,
    "meanResTime" : 1953.2416666666666,
    "medianResTime" : 1938.0,
    "minResTime" : 168.0,
    "maxResTime" : 6029.0,
    "pct1ResTime" : 3172.9,
    "pct2ResTime" : 3697.8500000000004,
    "pct3ResTime" : 4978.360000000001,
    "throughput" : 9.560077117955418,
    "receivedKBytesPerSec" : 50.78706944798521,
    "sentKBytesPerSec" : 3.155572329950128
  },
  "Get Home page country " : {
    "transaction" : "Get Home page country ",
    "sampleCount" : 1200,
    "errorCount" : 0,
    "errorPct" : 0.0,
    "meanResTime" : 1626.6016666666662,
    "medianResTime" : 1572.0,
    "minResTime" : 137.0,
    "maxResTime" : 5261.0,
    "pct1ResTime" : 2884.9,
    "pct2ResTime" : 3337.9,
    "pct3ResTime" : 4612.87,
    "throughput" : 10.523177297998842,
    "receivedKBytesPerSec" : 177.4598714802164,
    "sentKBytesPerSec" : 3.288492905624638
  },
  "Get Break list " : {
    "transaction" : "Get Break list ",
    "sampleCount" : 1200,
    "errorCount" : 0,
    "errorPct" : 0.0,
    "meanResTime" : 1772.7824999999998,
    "medianResTime" : 1736.0,
    "minResTime" : 124.0,
    "maxResTime" : 5319.0,
    "pct1ResTime" : 3077.000000000001,
    "pct2ResTime" : 3493.9,
    "pct3ResTime" : 4341.82,
    "throughput" : 9.692505270299742,
    "receivedKBytesPerSec" : 30.45945503889118,
    "sentKBytesPerSec" : 3.1992839661731565
  },
  "Get Home page currency" : {
    "transaction" : "Get Home page currency",
    "sampleCount" : 1200,
    "errorCount" : 0,
    "errorPct" : 0.0,
    "meanResTime" : 1728.3058333333338,
    "medianResTime" : 1632.0,
    "minResTime" : 72.0,
    "maxResTime" : 7071.0,
    "pct1ResTime" : 3176.8,
    "pct2ResTime" : 3545.3000000000015,
    "pct3ResTime" : 4751.93,
    "throughput" : 10.043269753856197,
    "receivedKBytesPerSec" : 89.82834345419431,
    "sentKBytesPerSec" : 3.1483296786990618
  },
  "Get single knockout Player details" : {
    "transaction" : "Get single knockout Player details",
    "sampleCount" : 1200,
    "errorCount" : 0,
    "errorPct" : 0.0,
    "meanResTime" : 1668.842499999999,
    "medianResTime" : 1643.5,
    "minResTime" : 63.0,
    "maxResTime" : 5692.0,
    "pct1ResTime" : 2892.7000000000003,
    "pct2ResTime" : 3334.6500000000015,
    "pct3ResTime" : 4682.83,
    "throughput" : 9.398349023354898,
    "receivedKBytesPerSec" : 11.10547101392522,
    "sentKBytesPerSec" : 2.9920525211071256
  },
  "Get knockout players list " : {
    "transaction" : "Get knockout players list ",
    "sampleCount" : 1200,
    "errorCount" : 0,
    "errorPct" : 0.0,
    "meanResTime" : 1743.5900000000017,
    "medianResTime" : 1737.0,
    "minResTime" : 67.0,
    "maxResTime" : 6680.0,
    "pct1ResTime" : 2964.7000000000003,
    "pct2ResTime" : 3415.700000000001,
    "pct3ResTime" : 4774.88,
    "throughput" : 9.477475200606559,
    "receivedKBytesPerSec" : 42.54615086166045,
    "sentKBytesPerSec" : 3.1468179377013965
  },
  "Total" : {
    "transaction" : "Total",
    "sampleCount" : 13200,
    "errorCount" : 0,
    "errorPct" : 0.0,
    "meanResTime" : 1699.589696969698,
    "medianResTime" : 1617.5,
    "minResTime" : 63.0,
    "maxResTime" : 7997.0,
    "pct1ResTime" : 3093.0,
    "pct2ResTime" : 3548.899999999998,
    "pct3ResTime" : 4807.99,
    "throughput" : 100.7149233574693,
    "receivedKBytesPerSec" : 1007.7180350527991,
    "sentKBytesPerSec" : 33.064966848004396
  },
  "Get Players list " : {
    "transaction" : "Get Players list ",
    "sampleCount" : 1200,
    "errorCount" : 0,
    "errorPct" : 0.0,
    "meanResTime" : 1758.845833333332,
    "medianResTime" : 1730.0,
    "minResTime" : 120.0,
    "maxResTime" : 6230.0,
    "pct1ResTime" : 3024.0,
    "pct2ResTime" : 3414.900000000001,
    "pct3ResTime" : 4769.680000000001,
    "throughput" : 9.8603932653514,
    "receivedKBytesPerSec" : 30.98705617959063,
    "sentKBytesPerSec" : 3.2547001207898174
  },
  "Home page " : {
    "transaction" : "Home page ",
    "sampleCount" : 1200,
    "errorCount" : 0,
    "errorPct" : 0.0,
    "meanResTime" : 721.4274999999997,
    "medianResTime" : 351.0,
    "minResTime" : 242.0,
    "maxResTime" : 7997.0,
    "pct1ResTime" : 1408.6000000000004,
    "pct2ResTime" : 3287.250000000001,
    "pct3ResTime" : 7587.99,
    "throughput" : 10.845006778129237,
    "receivedKBytesPerSec" : 32.1219780840488,
    "sentKBytesPerSec" : 3.272565521915951
  },
  "Get tournament result" : {
    "transaction" : "Get tournament result",
    "sampleCount" : 1200,
    "errorCount" : 0,
    "errorPct" : 0.0,
    "meanResTime" : 1915.660000000001,
    "medianResTime" : 1871.5,
    "minResTime" : 278.0,
    "maxResTime" : 5651.0,
    "pct1ResTime" : 3136.9,
    "pct2ResTime" : 3616.8,
    "pct3ResTime" : 4574.67,
    "throughput" : 9.362200117027502,
    "receivedKBytesPerSec" : 49.73801382387361,
    "sentKBytesPerSec" : 3.090257460503218
  }
}