{
  "Get_all_group" : {
    "transaction" : "Get_all_group",
    "sampleCount" : 200,
    "errorCount" : 0,
    "errorPct" : 0.0,
    "meanResTime" : 12291.785000000003,
    "medianResTime" : 13473.5,
    "minResTime" : 4119.0,
    "maxResTime" : 23908.0,
    "pct1ResTime" : 14694.1,
    "pct2ResTime" : 15477.199999999999,
    "pct3ResTime" : 15923.060000000001,
    "throughput" : 3.1514425728377167,
    "receivedKBytesPerSec" : 8.281769495611616,
    "sentKBytesPerSec" : 1.046377416762523
  },
  "Tournamnent_list " : {
    "transaction" : "Tournamnent_list ",
    "sampleCount" : 200,
    "errorCount" : 0,
    "errorPct" : 0.0,
    "meanResTime" : 3497.205,
    "medianResTime" : 3448.0,
    "minResTime" : 847.0,
    "maxResTime" : 7183.0,
    "pct1ResTime" : 5329.7,
    "pct2ResTime" : 5630.9,
    "pct3ResTime" : 7064.910000000004,
    "throughput" : 22.79202279202279,
    "receivedKBytesPerSec" : 2290.858262108262,
    "sentKBytesPerSec" : 8.658297720797721
  },
  "Get_group_match_list " : {
    "transaction" : "Get_group_match_list ",
    "sampleCount" : 200,
    "errorCount" : 0,
    "errorPct" : 0.0,
    "meanResTime" : 11880.840000000004,
    "medianResTime" : 12632.0,
    "minResTime" : 586.0,
    "maxResTime" : 25329.0,
    "pct1ResTime" : 13953.300000000003,
    "pct2ResTime" : 14451.5,
    "pct3ResTime" : 25246.95,
    "throughput" : 3.0557210737803855,
    "receivedKBytesPerSec" : 17.338829811614797,
    "sentKBytesPerSec" : 1.0265312982230983
  },
  "Break_tab_knock_out" : {
    "transaction" : "Break_tab_knock_out",
    "sampleCount" : 200,
    "errorCount" : 0,
    "errorPct" : 0.0,
    "meanResTime" : 2035.3349999999996,
    "medianResTime" : 1803.5,
    "minResTime" : 151.0,
    "maxResTime" : 4380.0,
    "pct1ResTime" : 3928.6000000000004,
    "pct2ResTime" : 4125.5,
    "pct3ResTime" : 4297.81,
    "throughput" : 12.897401173663507,
    "receivedKBytesPerSec" : 30.8958252724576,
    "sentKBytesPerSec" : 4.25714999677565
  },
  "Result_Round_robin" : {
    "transaction" : "Result_Round_robin",
    "sampleCount" : 200,
    "errorCount" : 0,
    "errorPct" : 0.0,
    "meanResTime" : 4848.58,
    "medianResTime" : 5597.5,
    "minResTime" : 506.0,
    "maxResTime" : 8172.0,
    "pct1ResTime" : 6836.9,
    "pct2ResTime" : 7310.799999999999,
    "pct3ResTime" : 8105.84,
    "throughput" : 7.496813854112002,
    "receivedKBytesPerSec" : 42.53790283660694,
    "sentKBytesPerSec" : 2.474534260439313
  },
  "Country_home_page_Round_robin" : {
    "transaction" : "Country_home_page_Round_robin",
    "sampleCount" : 200,
    "errorCount" : 0,
    "errorPct" : 0.0,
    "meanResTime" : 1201.1699999999996,
    "medianResTime" : 884.5,
    "minResTime" : 134.0,
    "maxResTime" : 4632.0,
    "pct1ResTime" : 2624.1,
    "pct2ResTime" : 2879.1499999999996,
    "pct3ResTime" : 4384.950000000008,
    "throughput" : 21.51694459386767,
    "receivedKBytesPerSec" : 362.85774021651423,
    "sentKBytesPerSec" : 6.724045185583647
  },
  "Get_Knock_out" : {
    "transaction" : "Get_Knock_out",
    "sampleCount" : 200,
    "errorCount" : 0,
    "errorPct" : 0.0,
    "meanResTime" : 8852.210000000005,
    "medianResTime" : 9272.5,
    "minResTime" : 2289.0,
    "maxResTime" : 18124.0,
    "pct1ResTime" : 13664.4,
    "pct2ResTime" : 13973.95,
    "pct3ResTime" : 18041.180000000033,
    "throughput" : 4.073900556087426,
    "receivedKBytesPerSec" : 6.6161099851302625,
    "sentKBytesPerSec" : 1.352662294013403
  },
  "Home_page " : {
    "transaction" : "Home_page ",
    "sampleCount" : 200,
    "errorCount" : 0,
    "errorPct" : 0.0,
    "meanResTime" : 2107.92,
    "medianResTime" : 2067.0,
    "minResTime" : 1097.0,
    "maxResTime" : 3933.0,
    "pct1ResTime" : 2815.6,
    "pct2ResTime" : 3053.85,
    "pct3ResTime" : 3402.86,
    "throughput" : 47.05882352941176,
    "receivedKBytesPerSec" : 142.23345588235293,
    "sentKBytesPerSec" : 14.200367647058824
  },
  "Result" : {
    "transaction" : "Result",
    "sampleCount" : 200,
    "errorCount" : 0,
    "errorPct" : 0.0,
    "meanResTime" : 3987.2649999999976,
    "medianResTime" : 4403.5,
    "minResTime" : 582.0,
    "maxResTime" : 7811.0,
    "pct1ResTime" : 5017.6,
    "pct2ResTime" : 5099.799999999999,
    "pct3ResTime" : 5190.93,
    "throughput" : 10.368066355624675,
    "receivedKBytesPerSec" : 58.829157756609646,
    "sentKBytesPerSec" : 3.422271902540176
  },
  "Players_schedule_knock_out " : {
    "transaction" : "Players_schedule_knock_out ",
    "sampleCount" : 200,
    "errorCount" : 0,
    "errorPct" : 0.0,
    "meanResTime" : 8194.654999999999,
    "medianResTime" : 8520.0,
    "minResTime" : 821.0,
    "maxResTime" : 25601.0,
    "pct1ResTime" : 13487.8,
    "pct2ResTime" : 14408.15,
    "pct3ResTime" : 23630.66000000008,
    "throughput" : 3.5256579759197564,
    "receivedKBytesPerSec" : 20.004528266962822,
    "sentKBytesPerSec" : 1.1637425740828884
  },
  "Currency_home_page_round_robin" : {
    "transaction" : "Currency_home_page_round_robin",
    "sampleCount" : 200,
    "errorCount" : 0,
    "errorPct" : 0.0,
    "meanResTime" : 2371.635000000003,
    "medianResTime" : 2514.5,
    "minResTime" : 189.0,
    "maxResTime" : 11094.0,
    "pct1ResTime" : 3230.5,
    "pct2ResTime" : 4495.9,
    "pct3ResTime" : 10036.870000000035,
    "throughput" : 8.847208705653365,
    "receivedKBytesPerSec" : 79.13409154372732,
    "sentKBytesPerSec" : 2.7733925727682913
  },
  "Player_VS_player" : {
    "transaction" : "Player_VS_player",
    "sampleCount" : 200,
    "errorCount" : 0,
    "errorPct" : 0.0,
    "meanResTime" : 3698.7599999999966,
    "medianResTime" : 4222.5,
    "minResTime" : 153.0,
    "maxResTime" : 9276.0,
    "pct1ResTime" : 4796.5,
    "pct2ResTime" : 4945.749999999999,
    "pct3ResTime" : 8682.68000000001,
    "throughput" : 12.416190712689348,
    "receivedKBytesPerSec" : 15.568739135833125,
    "sentKBytesPerSec" : 4.134688508815495
  },
  "Break_tab_Round_robin" : {
    "transaction" : "Break_tab_Round_robin",
    "sampleCount" : 200,
    "errorCount" : 0,
    "errorPct" : 0.0,
    "meanResTime" : 5219.394999999999,
    "medianResTime" : 2209.5,
    "minResTime" : 158.0,
    "maxResTime" : 13900.0,
    "pct1ResTime" : 12732.0,
    "pct2ResTime" : 12855.3,
    "pct3ResTime" : 13242.310000000003,
    "throughput" : 4.398311048557353,
    "receivedKBytesPerSec" : 10.536188478624208,
    "sentKBytesPerSec" : 1.4517862640745953
  },
  "Players" : {
    "transaction" : "Players",
    "sampleCount" : 200,
    "errorCount" : 0,
    "errorPct" : 0.0,
    "meanResTime" : 3441.235000000003,
    "medianResTime" : 3230.0,
    "minResTime" : 1583.0,
    "maxResTime" : 7441.0,
    "pct1ResTime" : 4585.4,
    "pct2ResTime" : 4660.95,
    "pct3ResTime" : 7306.270000000002,
    "throughput" : 9.306221208878135,
    "receivedKBytesPerSec" : 22.293125610720768,
    "sentKBytesPerSec" : 3.0717800474617283
  },
  "Tournamnent_list_round_robin" : {
    "transaction" : "Tournamnent_list_round_robin",
    "sampleCount" : 200,
    "errorCount" : 0,
    "errorPct" : 0.0,
    "meanResTime" : 3866.875000000001,
    "medianResTime" : 3826.5,
    "minResTime" : 1235.0,
    "maxResTime" : 6868.0,
    "pct1ResTime" : 5605.900000000001,
    "pct2ResTime" : 5836.7,
    "pct3ResTime" : 6691.650000000002,
    "throughput" : 15.592110392141578,
    "receivedKBytesPerSec" : 1567.3384267560614,
    "sentKBytesPerSec" : 5.92317474857722
  },
  "Knock_out" : {
    "transaction" : "Knock_out",
    "sampleCount" : 200,
    "errorCount" : 0,
    "errorPct" : 0.0,
    "meanResTime" : 3142.1699999999996,
    "medianResTime" : 3103.5,
    "minResTime" : 1646.0,
    "maxResTime" : 4736.0,
    "pct1ResTime" : 4175.7,
    "pct2ResTime" : 4462.7,
    "pct3ResTime" : 4670.55,
    "throughput" : 9.151642719868217,
    "receivedKBytesPerSec" : 41.08895432472316,
    "sentKBytesPerSec" : 3.0386313718312437
  },
  "Players_knock_out" : {
    "transaction" : "Players_knock_out",
    "sampleCount" : 200,
    "errorCount" : 0,