{
  "Get playerA_Vs_playerB" : {
    "transaction" : "Get playerA_Vs_playerB",
    "sampleCount" : 100,
    "errorCount" : 0,
    "errorPct" : 0.0,
    "meanResTime" : 4137.020000000001,
    "medianResTime" : 4307.0,
    "minResTime" : 329.0,
    "maxResTime" : 8994.0,
    "pct1ResTime" : 6109.1,
    "pct2ResTime" : 6254.75,
    "pct3ResTime" : 8968.529999999988,
    "throughput" : 7.168972686214065,
    "receivedKBytesPerSec" : 9.10823580543408,
    "sentKBytesPerSec" : 2.387323912108395
  },
  "Get tournamnent list " : {
    "transaction" : "Get tournamnent list ",
    "sampleCount" : 100,
    "errorCount" : 0,
    "errorPct" : 0.0,
    "meanResTime" : 1815.8000000000002,
    "medianResTime" : 1753.5,
    "minResTime" : 850.0,
    "maxResTime" : 3302.0,
    "pct1ResTime" : 2604.1,
    "pct2ResTime" : 2701.5499999999997,
    "pct3ResTime" : 3297.0399999999972,
    "throughput" : 27.449903925336262,
    "receivedKBytesPerSec" : 1823.6225723991217,
    "sentKBytesPerSec" : 10.42774670601153
  },
  "Get Players schedule" : {
    "transaction" : "Get Players schedule",
    "sampleCount" : 100,
    "errorCount" : 0,
    "errorPct" : 0.0,
    "meanResTime" : 7519.239999999999,
    "medianResTime" : 8761.0,
    "minResTime" : 3479.0,
    "maxResTime" : 10083.0,
    "pct1ResTime" : 9716.800000000001,
    "pct2ResTime" : 9845.0,
    "pct3ResTime" : 10082.43,
    "throughput" : 4.6223537025053165,
    "receivedKBytesPerSec" : 37.499747215031896,
    "sentKBytesPerSec" : 1.5257378432097624
  },
  "Get Home page country " : {
    "transaction" : "Get Home page country ",
    "sampleCount" : 100,
    "errorCount" : 0,
    "errorPct" : 0.0,
    "meanResTime" : 500.75000000000017,
    "medianResTime" : 424.5,
    "minResTime" : 259.0,
    "maxResTime" : 1840.0,
    "pct1ResTime" : 845.6,
    "pct2ResTime" : 881.5999999999999,
    "pct3ResTime" : 1839.7499999999998,
    "throughput" : 36.42987249544627,
    "receivedKBytesPerSec" : 614.3716558515482,
    "sentKBytesPerSec" : 11.384335154826958
  },
  "Get Break list " : {
    "transaction" : "Get Break list ",
    "sampleCount" : 100,
    "errorCount" : 0,
    "errorPct" : 0.0,
    "meanResTime" : 8278.359999999999,
    "medianResTime" : 7677.5,
    "minResTime" : 6469.0,
    "maxResTime" : 17885.0,
    "pct1ResTime" : 10165.6,
    "pct2ResTime" : 10333.1,
    "pct3ResTime" : 17809.98999999996,
    "throughput" : 4.104416351994747,
    "receivedKBytesPerSec" : 10.75004360942374,
    "sentKBytesPerSec" : 1.3547780536857659
  },
  "Get Home page currency" : {
    "transaction" : "Get Home page currency",
    "sampleCount" : 100,
    "errorCount" : 0,
    "errorPct" : 0.0,
    "meanResTime" : 2321.48,
    "medianResTime" : 1188.0,
    "minResTime" : 145.0,
    "maxResTime" : 5727.0,
    "pct1ResTime" : 5595.8,
    "pct2ResTime" : 5651.95,
    "pct3ResTime" : 5727.0,
    "throughput" : 12.393109431156276,
    "receivedKBytesPerSec" : 110.84414018930474,
    "sentKBytesPerSec" : 3.8849493431651996
  },
  "Get single knockout Player details" : {
    "transaction" : "Get single knockout Player details",
    "sampleCount" : 100,
    "errorCount" : 0,
    "errorPct" : 0.0,
    "meanResTime" : 2971.68,
    "medianResTime" : 2574.5,
    "minResTime" : 90.0,
    "maxResTime" : 7408.0,
    "pct1ResTime" : 3924.2,
    "pct2ResTime" : 5539.599999999997,
    "pct3ResTime" : 7390.989999999992,
    "throughput" : 6.2000124000248,
    "receivedKBytesPerSec" : 7.326186527373054,
    "sentKBytesPerSec" : 1.9738320726641452
  },
  "Get knockout players list " : {
    "transaction" : "Get knockout players list ",
    "sampleCount" : 100,
    "errorCount" : 0,
    "errorPct" : 0.0,
    "meanResTime" : 4088.0099999999998,
    "medianResTime" : 4029.5,
    "minResTime" : 394.0,
    "maxResTime" : 9235.0,
    "pct1ResTime" : 7180.1,
    "pct2ResTime" : 7605.099999999999,
    "pct3ResTime" : 9229.329999999996,
    "throughput" : 4.786979415988511,
    "receivedKBytesPerSec" : 21.492041646720917,
    "sentKBytesPerSec" : 1.5894267592149354
  },
  "Total" : {
    "transaction" : "Total",
    "sampleCount" : 1100,
    "errorCount" : 0,
    "errorPct" : 0.0,
    "meanResTime" : 3807.5381818181795,
    "medianResTime" : 3360.0,
    "minResTime" : 90.0,
    "maxResTime" : 17885.0,
    "pct1ResTime" : 8666.0,
    "pct2ResTime" : 9354.65,
    "pct3ResTime" : 10221.97,
    "throughput" : 23.409236007661207,
    "receivedKBytesPerSec" : 263.0565512609066,
    "sentKBytesPerSec" : 7.6853120344754196
  },
  "Get Players list " : {
    "transaction" : "Get Players list ",
    "sampleCount" : 100,
    "errorCount" : 0,
    "errorPct" : 0.0,
    "meanResTime" : 5583.12,
    "medianResTime" : 5622.5,
    "minResTime" : 1161.0,
    "maxResTime" : 10375.0,
    "pct1ResTime" : 9579.2,
    "pct2ResTime" : 9818.55,
    "pct3ResTime" : 10374.93,
    "throughput" : 5.936127270568681,
    "receivedKBytesPerSec" : 15.547552089516799,
    "sentKBytesPerSec" : 1.9593857592306778
  },
  "Home page " : {
    "transaction" : "Home page ",
    "sampleCount" : 100,
    "errorCount" : 0,
    "errorPct" : 0.0,
    "meanResTime" : 820.3399999999997,
    "medianResTime" : 762.5,
    "minResTime" : 541.0,
    "maxResTime" : 1352.0,
    "pct1ResTime" : 1205.0000000000002,
    "pct2ResTime" : 1258.3999999999999,
    "pct3ResTime" : 1351.96,
    "throughput" : 49.95004995004995,
    "receivedKBytesPerSec" : 147.94775536963039,
    "sentKBytesPerSec" : 15.07281780719281
  },
  "Get tournament result" : {
    "transaction" : "Get tournament result",
    "sampleCount" : 100,
    "errorCount" : 0,
    "errorPct" : 0.0,
    "meanResTime" : 3847.120000000001,
    "medianResTime" : 4016.5,
    "minResTime" : 888.0,
    "maxResTime" : 6393.0,
    "pct1ResTime" : 5764.0,
    "pct2ResTime" : 6092.849999999999,
    "pct3ResTime" : 6391.839999999999,
    "throughput" : 5.904233335301411,
    "receivedKBytesPerSec" : 47.897862298518035,
    "sentKBytesPerSec" : 1.9488582688787859
  }
}