{
  "Get_all_group" : {
    "transaction" : "Get_all_group",
    "sampleCount" : 100,
    "errorCount" : 0,
    "errorPct" : 0.0,
    "meanResTime" : 6814.910000000003,
    "medianResTime" : 7509.0,
    "minResTime" : 2632.0,
    "maxResTime" : 8989.0,
    "pct1ResTime" : 8468.5,
    "pct2ResTime" : 8818.65,
    "pct3ResTime" : 8988.019999999999,
    "throughput" : 3.153479865031062,
    "receivedKBytesPerSec" : 8.287123356248621,
    "sentKBytesPerSec" : 1.0470538614360947
  },
  "Tournamnent_list " : {
    "transaction" : "Tournamnent_list ",
    "sampleCount" : 100,
    "errorCount" : 0,
    "errorPct" : 0.0,
    "meanResTime" : 2029.8199999999995,
    "medianResTime" : 1872.5,
    "minResTime" : 645.0,
    "maxResTime" : 3856.0,
    "pct1ResTime" : 3419.5,
    "pct2ResTime" : 3616.2499999999995,
    "pct3ResTime" : 3854.7499999999995,
    "throughput" : 17.041581458759374,
    "receivedKBytesPerSec" : 1713.0290878493524,
    "sentKBytesPerSec" : 6.473803894001363
  },
  "Get_group_match_list " : {
    "transaction" : "Get_group_match_list ",
    "sampleCount" : 100,
    "errorCount" : 0,
    "errorPct" : 0.0,
    "meanResTime" : 6382.349999999998,
    "medianResTime" : 6766.5,
    "minResTime" : 2221.0,
    "maxResTime" : 8301.0,
    "pct1ResTime" : 7773.0,
    "pct2ResTime" : 7966.749999999999,
    "pct3ResTime" : 8298.99,
    "throughput" : 3.1948881789137378,
    "receivedKBytesPerSec" : 18.127932807507985,
    "sentKBytesPerSec" : 1.0732827476038338
  },
  "Break_tab_knock_out" : {
    "transaction" : "Break_tab_knock_out",
    "sampleCount" : 100,
    "errorCount" : 0,
    "errorPct" : 0.0,
    "meanResTime" : 744.2600000000001,
    "medianResTime" : 651.5,
    "minResTime" : 153.0,
    "maxResTime" : 2082.0,
    "pct1ResTime" : 1635.2000000000003,
    "pct2ResTime" : 1685.0,
    "pct3ResTime" : 2080.9999999999995,
    "throughput" : 13.989927252378287,
    "receivedKBytesPerSec" : 33.51298002937885,
    "sentKBytesPerSec" : 4.617768956351427
  },
  "Result_Round_robin" : {
    "transaction" : "Result_Round_robin",
    "sampleCount" : 100,
    "errorCount" : 0,
    "errorPct" : 0.0,
    "meanResTime" : 2290.97,
    "medianResTime" : 2455.5,
    "minResTime" : 563.0,
    "maxResTime" : 3714.0,
    "pct1ResTime" : 3185.5000000000005,
    "pct2ResTime" : 3263.5,
    "pct3ResTime" : 3711.469999999999,
    "throughput" : 8.593280054996994,
    "receivedKBytesPerSec" : 48.75763324954885,
    "sentKBytesPerSec" : 2.836453768153304
  },
  "Country_home_page_Round_robin" : {
    "transaction" : "Country_home_page_Round_robin",
    "sampleCount" : 100,
    "errorCount" : 0,
    "errorPct" : 0.0,
    "meanResTime" : 559.4100000000001,
    "medianResTime" : 213.0,
    "minResTime" : 131.0,
    "maxResTime" : 2031.0,
    "pct1ResTime" : 1268.9,
    "pct2ResTime" : 1341.0999999999995,
    "pct3ResTime" : 2024.4899999999966,
    "throughput" : 33.42245989304813,
    "receivedKBytesPerSec" : 563.6531401445521,
    "sentKBytesPerSec" : 10.44451871657754
  },
  "Get_Knock_out" : {
    "transaction" : "Get_Knock_out",
    "sampleCount" : 100,
    "errorCount" : 0,
    "errorPct" : 0.0,
    "meanResTime" : 3799.1000000000017,
    "medianResTime" : 3085.5,
    "minResTime" : 1146.0,
    "maxResTime" : 7537.0,
    "pct1ResTime" : 6574.5,
    "pct2ResTime" : 7099.549999999999,
    "pct3ResTime" : 7536.92,
    "throughput" : 4.399472063352397,
    "receivedKBytesPerSec" : 7.144845743510778,
    "sentKBytesPerSec" : 1.4607622085349758
  },
  "Home_page " : {
    "transaction" : "Home_page ",
    "sampleCount" : 100,
    "errorCount" : 0,
    "errorPct" : 0.0,
    "meanResTime" : 2499.1699999999996,
    "medianResTime" : 2478.0,
    "minResTime" : 1765.0,
    "maxResTime" : 3748.0,
    "pct1ResTime" : 3184.5,
    "pct2ResTime" : 3545.3499999999976,
    "pct3ResTime" : 3747.3799999999997,
    "throughput" : 26.12330198537095,
    "receivedKBytesPerSec" : 78.9566598092999,
    "sentKBytesPerSec" : 7.882910462382445
  },
  "Result" : {
    "transaction" : "Result",
    "sampleCount" : 100,
    "errorCount" : 0,
    "errorPct" : 0.0,
    "meanResTime" : 1928.58,
    "medianResTime" : 1953.5,
    "minResTime" : 916.0,
    "maxResTime" : 2678.0,
    "pct1ResTime" : 2502.7000000000003,
    "pct2ResTime" : 2549.9,
    "pct3ResTime" : 2677.7799999999997,
    "throughput" : 10.454783063251437,
    "receivedKBytesPerSec" : 59.322113499738634,
    "sentKBytesPerSec" : 3.450895190799791
  },
  "Players_schedule_knock_out " : {
    "transaction" : "Players_schedule_knock_out ",
    "sampleCount" : 100,
    "errorCount" : 0,
    "errorPct" : 0.0,
    "meanResTime" : 4072.290000000001,
    "medianResTime" : 4000.0,
    "minResTime" : 477.0,
    "maxResTime" : 10288.0,
    "pct1ResTime" : 7361.900000000001,
    "pct2ResTime" : 7469.2,
    "pct3ResTime" : 10262.939999999988,
    "throughput" : 3.8482259678288306,
    "receivedKBytesPerSec" : 21.83567594089125,
    "sentKBytesPerSec" : 1.2702152120372507
  },
  "Currency_home_page_round_robin" : {
    "transaction" : "Currency_home_page_round_robin",
    "sampleCount" : 100,
    "errorCount" : 0,
    "errorPct" : 0.0,
    "meanResTime" : 851.9000000000002,
    "medianResTime" : 878.5,
    "minResTime" : 77.0,
    "maxResTime" : 2943.0,
    "pct1ResTime" : 1376.7,
    "pct2ResTime" : 1547.9999999999998,
    "pct3ResTime" : 2931.4099999999944,
    "throughput" : 12.88161793121216,
    "receivedKBytesPerSec" : 115.22305326549015,
    "sentKBytesPerSec" : 4.0380853085147494
  },
  "Player_VS_player" : {
    "transaction" : "Player_VS_player",
    "sampleCount" : 100,
    "errorCount" : 0,
    "errorPct" : 0.0,
    "meanResTime" : 1434.4399999999998,
    "medianResTime" : 1476.5,
    "minResTime" : 153.0,
    "maxResTime" : 2311.0,
    "pct1ResTime" : 2081.2,
    "pct2ResTime" : 2222.2999999999993,
    "pct3ResTime" : 2310.93,
    "throughput" : 11.936022917164001,
    "receivedKBytesPerSec" : 14.966653735975173,
    "sentKBytesPerSec" : 3.9747888815946526
  },
  "Break_tab_Round_robin" : {
    "transaction" : "Break_tab_Round_robin",
    "sampleCount" : 100,
    "errorCount" : 0,
    "errorPct" : 0.0,
    "meanResTime" : 2187.59,
    "medianResTime" : 898.0,
    "minResTime" : 114.0,
    "maxResTime" : 12519.0,
    "pct1ResTime" : 6090.3,
    "pct2ResTime" : 6365.299999999999,
    "pct3ResTime" : 12464.129999999972,
    "throughput" : 5.264820469621986,
    "receivedKBytesPerSec" : 12.611918566389386,
    "sentKBytesPerSec" : 1.7378020690744447
  },
  "Players" : {
    "transaction" : "Players",
    "sampleCount" : 100,
    "errorCount" : 0,
    "errorPct" : 0.0,
    "meanResTime" : 1339.6899999999998,
    "medianResTime" : 1364.0,
    "minResTime" : 679.0,
    "maxResTime" : 2213.0,
    "pct1ResTime" : 2077.6000000000004,
    "pct2ResTime" : 2166.8,
    "pct3ResTime" : 2212.99,
    "throughput" : 10.626992561105208,
    "receivedKBytesPerSec" : 25.45704370350691,
    "sentKBytesPerSec" : 3.5077377789585547
  },
  "Tournamnent_list_round_robin" : {
    "transaction" : "Tournamnent_list_round_robin",
    "sampleCount" : 100,
    "errorCount" : 0,
    "errorPct" : 0.0,
    "meanResTime" : 1888.4799999999996,
    "medianResTime" : 1882.0,
    "minResTime" : 645.0,
    "maxResTime" : 3856.0,
    "pct1ResTime" : 2520.3,
    "pct2ResTime" : 3030.599999999998,
    "pct3ResTime" : 3852.069999999998,
    "throughput" : 18.13236627379873,
    "receivedKBytesPerSec" : 1822.6980394378968,
    "sentKBytesPerSec" : 6.888174297370807
  },
  "Knock_out" : {
    "transaction" : "Knock_out",
    "sampleCount" : 100,
    "errorCount" : 0,
    "errorPct" : 0.0,
    "meanResTime" : 1414.4599999999996,
    "medianResTime" : 1464.5,
    "minResTime" : 69.0,
    "maxResTime" : 2267.0,
    "pct1ResTime" : 2079.1,
    "pct2ResTime" : 2167.25,
    "pct3ResTime" : 2266.56,
    "throughput" : 10.297600659046443,
    "receivedKBytesPerSec" : 46.23300895891257,
    "sentKBytesPerSec" : 3.4191252188240138
  },