{
  "Get playerA_Vs_playerB" : {
    "transaction" : "Get playerA_Vs_playerB",
    "sampleCount" : 1000,
    "errorCount" : 106,
    "errorPct" : 10.6,
    "meanResTime" : 2599.414000000001,
    "medianResTime" : 2655.0,
    "minResTime" : 98.0,
    "maxResTime" : 10065.0,
    "pct1ResTime" : 4507.4,
    "pct2ResTime" : 5235.899999999999,
    "pct3ResTime" : 6219.220000000001,
    "throughput" : 10.63524306848033,
    "receivedKBytesPerSec" : 12.465314982664554,
    "sentKBytesPerSec" : 3.486303302508854
  },
  "Get tournamnent list " : {
    "transaction" : "Get tournamnent list ",
    "sampleCount" : 1000,
    "errorCount" : 83,
    "errorPct" : 8.3,
    "meanResTime" : 3453.3529999999982,
    "medianResTime" : 3203.0,
    "minResTime" : 1.0,
    "maxResTime" : 16409.0,
    "pct1ResTime" : 5901.6,
    "pct2ResTime" : 7879.799999999992,
    "pct3ResTime" : 13172.880000000001,
    "throughput" : 12.010136555252632,
    "receivedKBytesPerSec" : 635.0417525829299,
    "sentKBytesPerSec" : 4.183761563509602
  },
  "Get Players schedule" : {
    "transaction" : "Get Players schedule",
    "sampleCount" : 1000,
    "errorCount" : 92,
    "errorPct" : 9.2,
    "meanResTime" : 3063.668000000003,
    "medianResTime" : 3113.0,
    "minResTime" : 35.0,
    "maxResTime" : 10838.0,
    "pct1ResTime" : 4757.2,
    "pct2ResTime" : 5616.249999999996,
    "pct3ResTime" : 7576.040000000003,
    "throughput" : 10.850223514604401,
    "receivedKBytesPerSec" : 53.23556208226639,
    "sentKBytesPerSec" : 3.543032410295777
  },
  "Get Home page country " : {
    "transaction" : "Get Home page country ",
    "sampleCount" : 1000,
    "errorCount" : 8,
    "errorPct" : 0.8,
    "meanResTime" : 3090.5119999999974,
    "medianResTime" : 2916.5,
    "minResTime" : 218.0,
    "maxResTime" : 14273.0,
    "pct1ResTime" : 4840.8,
    "pct2ResTime" : 6803.499999999999,
    "pct3ResTime" : 11563.67,
    "throughput" : 12.634238787113077,
    "receivedKBytesPerSec" : 211.55740435486416,
    "sentKBytesPerSec" : 3.9166140240050535
  },
  "Get Break list " : {
    "transaction" : "Get Break list ",
    "sampleCount" : 1000,
    "errorCount" : 89,
    "errorPct" : 8.9,
    "meanResTime" : 2998.4650000000006,
    "medianResTime" : 2974.0,
    "minResTime" : 101.0,
    "maxResTime" : 8599.0,
    "pct1ResTime" : 5045.0,
    "pct2ResTime" : 5619.0,
    "pct3ResTime" : 7141.97,
    "throughput" : 11.015156855833627,
    "receivedKBytesPerSec" : 32.43043971473497,
    "sentKBytesPerSec" : 3.5971156467549346
  },
  "Get Home page currency" : {
    "transaction" : "Get Home page currency",
    "sampleCount" : 1000,
    "errorCount" : 57,
    "errorPct" : 5.7,
    "meanResTime" : 2995.1150000000002,
    "medianResTime" : 2901.0,
    "minResTime" : 1.0,
    "maxResTime" : 15275.0,
    "pct1ResTime" : 5549.7,
    "pct2ResTime" : 5954.0,
    "pct3ResTime" : 10253.52,
    "throughput" : 11.687158150624095,
    "receivedKBytesPerSec" : 99.92617231326844,
    "sentKBytesPerSec" : 3.454822103191763
  },
  "Get single knockout Player details" : {
    "transaction" : "Get single knockout Player details",
    "sampleCount" : 1000,
    "errorCount" : 17,
    "errorPct" : 1.7,
    "meanResTime" : 2810.521000000004,
    "medianResTime" : 2817.0,
    "minResTime" : 49.0,
    "maxResTime" : 9271.0,
    "pct1ResTime" : 4525.4,
    "pct2ResTime" : 5312.65,
    "pct3ResTime" : 6068.97,
    "throughput" : 10.62541173470472,
    "receivedKBytesPerSec" : 12.547148189297022,
    "sentKBytesPerSec" : 3.361718401353677
  },
  "Get knockout players list " : {
    "transaction" : "Get knockout players list ",
    "sampleCount" : 1000,
    "errorCount" : 11,
    "errorPct" : 1.1,
    "meanResTime" : 2946.547999999999,
    "medianResTime" : 2969.5,
    "minResTime" : 78.0,
    "maxResTime" : 12452.0,
    "pct1ResTime" : 4518.9,
    "pct2ResTime" : 5416.9,
    "pct3ResTime" : 7052.490000000002,
    "throughput" : 10.782252412528978,
    "receivedKBytesPerSec" : 48.111915989406434,
    "sentKBytesPerSec" : 3.540664254137689
  },
  "Total" : {
    "transaction" : "Total",
    "sampleCount" : 11000,
    "errorCount" : 647,
    "errorPct" : 5.8818183,
    "meanResTime" : 2881.0576363636255,
    "medianResTime" : 2851.5,
    "minResTime" : 1.0,
    "maxResTime" : 16409.0,
    "pct1ResTime" : 5018.9,
    "pct2ResTime" : 5837.899999999998,
    "pct3ResTime" : 9473.98,
    "throughput" : 110.9945108169196,
    "receivedKBytesPerSec" : 1045.8550211457157,
    "sentKBytesPerSec" : 35.64262944419499
  },
  "Get Players list " : {
    "transaction" : "Get Players list ",
    "sampleCount" : 1000,
    "errorCount" : 87,
    "errorPct" : 8.7,
    "meanResTime" : 2982.5050000000024,
    "medianResTime" : 3109.5,
    "minResTime" : 1.0,
    "maxResTime" : 12107.0,
    "pct1ResTime" : 5052.599999999999,
    "pct2ResTime" : 5812.149999999999,
    "pct3ResTime" : 8153.490000000001,
    "throughput" : 11.355764753977358,
    "receivedKBytesPerSec" : 33.51884631107982,
    "sentKBytesPerSec" : 3.697488016119508
  },
  "Home page " : {
    "transaction" : "Home page ",
    "sampleCount" : 1000,
    "errorCount" : 4,
    "errorPct" : 0.4,
    "meanResTime" : 1837.5399999999997,
    "medianResTime" : 772.5,
    "minResTime" : 422.0,
    "maxResTime" : 13580.0,
    "pct1ResTime" : 5692.799999999999,
    "pct2ResTime" : 7500.749999999993,
    "pct3ResTime" : 10346.190000000002,
    "throughput" : 13.339202582469621,
    "receivedKBytesPerSec" : 39.47351417957235,
    "sentKBytesPerSec" : 4.009107757413262
  },
  "Get tournament result" : {
    "transaction" : "Get tournament result",
    "sampleCount" : 1000,
    "errorCount" : 93,
    "errorPct" : 9.3,
    "meanResTime" : 2913.9929999999963,
    "medianResTime" : 2962.5,
    "minResTime" : 63.0,
    "maxResTime" : 11861.0,
    "pct1ResTime" : 4972.7,
    "pct2ResTime" : 5773.549999999998,
    "pct3ResTime" : 7894.92,
    "throughput" : 10.574513308024999,
    "receivedKBytesPerSec" : 51.83122481944019,
    "sentKBytesPerSec" : 3.4530019886694094
  }
}