{
  "Get playerA_Vs_playerB" : {
    "transaction" : "Get playerA_Vs_playerB",
    "sampleCount" : 300,
    "errorCount" : 0,
    "errorPct" : 0.0,
    "meanResTime" : 13900.906666666666,
    "medianResTime" : 15452.0,
    "minResTime" : 1806.0,
    "maxResTime" : 30029.0,
    "pct1ResTime" : 17757.7,
    "pct2ResTime" : 17930.85,
    "pct3ResTime" : 18256.63,
    "throughput" : 6.6235400613781374,
    "receivedKBytesPerSec" : 8.415259394387654,
    "sentKBytesPerSec" : 2.2056905868456496
  },
  "Get tournamnent list " : {
    "transaction" : "Get tournamnent list ",
    "sampleCount" : 300,
    "errorCount" : 0,
    "errorPct" : 0.0,
    "meanResTime" : 5397.616666666664,
    "medianResTime" : 5634.0,
    "minResTime" : 1148.0,
    "maxResTime" : 10377.0,
    "pct1ResTime" : 7187.700000000001,
    "pct2ResTime" : 8227.949999999999,
    "pct3ResTime" : 9887.710000000003,
    "throughput" : 16.354121238552114,
    "receivedKBytesPerSec" : 1086.47901732174,
    "sentKBytesPerSec" : 6.212649572067161
  },
  "Get Players schedule" : {
    "transaction" : "Get Players schedule",
    "sampleCount" : 300,
    "errorCount" : 1,
    "errorPct" : 0.33333334,
    "meanResTime" : 21673.426666666666,
    "medianResTime" : 21068.5,
    "minResTime" : 8462.0,
    "maxResTime" : 39463.0,
    "pct1ResTime" : 28151.7,
    "pct2ResTime" : 28450.399999999998,
    "pct3ResTime" : 28781.260000000002,
    "throughput" : 3.566333808844508,
    "receivedKBytesPerSec" : 28.84470984531027,
    "sentKBytesPerSec" : 1.1771687767475034
  },
  "Get Home page country " : {
    "transaction" : "Get Home page country ",
    "sampleCount" : 300,
    "errorCount" : 0,
    "errorPct" : 0.0,
    "meanResTime" : 2427.4933333333324,
    "medianResTime" : 1915.5,
    "minResTime" : 305.0,
    "maxResTime" : 7361.0,
    "pct1ResTime" : 4814.9,
    "pct2ResTime" : 4860.65,
    "pct3ResTime" : 6132.56,
    "throughput" : 28.44950213371266,
    "receivedKBytesPerSec" : 479.7554750474158,
    "sentKBytesPerSec" : 8.890469416785207
  },
  "Get Break list " : {
    "transaction" : "Get Break list ",
    "sampleCount" : 300,
    "errorCount" : 5,
    "errorPct" : 1.6666666,
    "meanResTime" : 23599.236666666668,
    "medianResTime" : 27302.5,
    "minResTime" : 4444.0,
    "maxResTime" : 39999.0,
    "pct1ResTime" : 28631.2,
    "pct2ResTime" : 28757.85,
    "pct3ResTime" : 39949.54,
    "throughput" : 3.7466748260918434,
    "receivedKBytesPerSec" : 9.701716874711193,
    "sentKBytesPerSec" : 1.2366954015810967
  },
  "Get Home page currency" : {
    "transaction" : "Get Home page currency",
    "sampleCount" : 300,
    "errorCount" : 0,
    "errorPct" : 0.0,
    "meanResTime" : 6287.706666666665,
    "medianResTime" : 6947.5,
    "minResTime" : 489.0,
    "maxResTime" : 21642.0,
    "pct1ResTime" : 8247.0,
    "pct2ResTime" : 8897.949999999999,
    "pct3ResTime" : 17422.990000000016,
    "throughput" : 7.730364873222016,
    "receivedKBytesPerSec" : 69.14172214813956,
    "sentKBytesPerSec" : 2.423288207328386
  },
  "Get single knockout Player details" : {
    "transaction" : "Get single knockout Player details",
    "sampleCount" : 300,
    "errorCount" : 0,
    "errorPct" : 0.0,
    "meanResTime" : 8236.103333333329,
    "medianResTime" : 5365.5,
    "minResTime" : 1989.0,
    "maxResTime" : 25828.0,
    "pct1ResTime" : 17153.800000000003,
    "pct2ResTime" : 19434.549999999996,
    "pct3ResTime" : 23950.210000000003,
    "throughput" : 4.149090657630869,
    "receivedKBytesPerSec" : 4.902734077864601,
    "sentKBytesPerSec" : 1.3209019085817024
  },
  "Get knockout players list " : {
    "transaction" : "Get knockout players list ",
    "sampleCount" : 300,
    "errorCount" : 0,
    "errorPct" : 0.0,
    "meanResTime" : 13273.796666666662,
    "medianResTime" : 11753.5,
    "minResTime" : 4402.0,
    "maxResTime" : 35305.0,
    "pct1ResTime" : 25339.400000000005,
    "pct2ResTime" : 26740.1,
    "pct3ResTime" : 27863.890000000003,
    "throughput" : 3.6595184073775893,
    "receivedKBytesPerSec" : 16.428843237667426,
    "sentKBytesPerSec" : 1.2150744711995902
  },
  "Total" : {
    "transaction" : "Total",
    "sampleCount" : 3300,
    "errorCount" : 7,
    "errorPct" : 0.21212122,
    "meanResTime" : 11237.432424242435,
    "medianResTime" : 8078.5,
    "minResTime" : 305.0,
    "maxResTime" : 39999.0,
    "pct1ResTime" : 26196.700000000004,
    "pct2ResTime" : 27856.049999999996,
    "pct3ResTime" : 28680.989999999998,
    "throughput" : 23.945317601985284,
    "receivedKBytesPerSec" : 268.946860102203,
    "sentKBytesPerSec" : 7.861308992555183
  },
  "Get Players list " : {
    "transaction" : "Get Players list ",
    "sampleCount" : 300,
    "errorCount" : 1,
    "errorPct" : 0.33333334,
    "meanResTime" : 15764.803333333331,
    "medianResTime" : 15585.0,
    "minResTime" : 1461.0,
    "maxResTime" : 32059.0,
    "pct1ResTime" : 27422.8,
    "pct2ResTime" : 28383.949999999997,
    "pct3ResTime" : 28925.66,
    "throughput" : 4.680479281078382,
    "receivedKBytesPerSec" : 12.231012611941463,
    "sentKBytesPerSec" : 1.5449238251997004
  },
  "Home page " : {
    "transaction" : "Home page ",
    "sampleCount" : 300,
    "errorCount" : 0,
    "errorPct" : 0.0,
    "meanResTime" : 1481.2000000000003,
    "medianResTime" : 1494.0,
    "minResTime" : 596.0,
    "maxResTime" : 3955.0,
    "pct1ResTime" : 2127.4,
    "pct2ResTime" : 2455.9,
    "pct3ResTime" : 2532.6900000000005,
    "throughput" : 52.97545470598622,
    "receivedKBytesPerSec" : 156.9087442609924,
    "sentKBytesPerSec" : 15.985757328271234
  },
  "Get tournament result" : {
    "transaction" : "Get tournament result",
    "sampleCount" : 300,
    "errorCount" : 0,
    "errorPct" : 0.0,
    "meanResTime" : 11569.466666666667,
    "medianResTime" : 11396.5,
    "minResTime" : 5105.0,
    "maxResTime" : 18467.0,
    "pct1ResTime" : 17792.6,
    "pct2ResTime" : 17983.85,
    "pct3ResTime" : 18294.96,
    "throughput" : 4.878286745694912,
    "receivedKBytesPerSec" : 39.57548234060198,
    "sentKBytesPerSec" : 1.6102157422313284
  }
}