{
  "Get playerA_Vs_playerB" : {
    "transaction" : "Get playerA_Vs_playerB",
    "sampleCount" : 2400,
    "errorCount" : 0,
    "errorPct" : 0.0,
    "meanResTime" : 2237.8241666666636,
    "medianResTime" : 2240.0,
    "minResTime" : 142.0,
    "maxResTime" : 9636.0,
    "pct1ResTime" : 3661.6000000000004,
    "pct2ResTime" : 3857.0,
    "pct3ResTime" : 4451.909999999998,
    "throughput" : 7.760109158868835,
    "receivedKBytesPerSec" : 9.389428952967272,
    "sentKBytesPerSec" : 2.5841769757561255
  },
  "Get tournamnent list " : {
    "transaction" : "Get tournamnent list ",
    "sampleCount" : 2400,
    "errorCount" : 0,
    "errorPct" : 0.0,
    "meanResTime" : 2655.6958333333373,
    "medianResTime" : 2644.5,
    "minResTime" : 316.0,
    "maxResTime" : 7585.0,
    "pct1ResTime" : 4093.9,
    "pct2ResTime" : 4333.849999999999,
    "pct3ResTime" : 5890.469999999988,
    "throughput" : 8.06733535913088,
    "receivedKBytesPerSec" : 463.69058323473257,
    "sentKBytesPerSec" : 3.064642045607336
  },
  "Get Players schedule" : {
    "transaction" : "Get Players schedule",
    "sampleCount" : 2400,
    "errorCount" : 0,
    "errorPct" : 0.0,
    "meanResTime" : 2517.931249999996,
    "medianResTime" : 2565.0,
    "minResTime" : 229.0,
    "maxResTime" : 8949.0,
    "pct1ResTime" : 3895.8,
    "pct2ResTime" : 4090.8999999999996,
    "pct3ResTime" : 4730.859999999997,
    "throughput" : 7.8160110987357605,
    "receivedKBytesPerSec" : 41.47664752965199,
    "sentKBytesPerSec" : 2.5798942884498897
  },
  "Get Home page country " : {
    "transaction" : "Get Home page country ",
    "sampleCount" : 2400,
    "errorCount" : 0,
    "errorPct" : 0.0,
    "meanResTime" : 2282.3349999999964,
    "medianResTime" : 2260.0,
    "minResTime" : 181.0,
    "maxResTime" : 8386.0,
    "pct1ResTime" : 3740.6000000000004,
    "pct2ResTime" : 3948.8499999999995,
    "pct3ResTime" : 5104.99,
    "throughput" : 8.212512447089178,
    "receivedKBytesPerSec" : 138.49040841637094,
    "sentKBytesPerSec" : 2.566410139715368
  },
  "Get Break list " : {
    "transaction" : "Get Break list ",
    "sampleCount" : 2400,
    "errorCount" : 0,
    "errorPct" : 0.0,
    "meanResTime" : 2442.4466666666667,
    "medianResTime" : 2498.0,
    "minResTime" : 243.0,
    "maxResTime" : 8543.0,
    "pct1ResTime" : 3826.9,
    "pct2ResTime" : 4039.8999999999996,
    "pct3ResTime" : 4750.99,
    "throughput" : 7.8576199269241345,
    "receivedKBytesPerSec" : 24.70853141083566,
    "sentKBytesPerSec" : 2.5936284524417554
  },
  "Get Home page currency" : {
    "transaction" : "Get Home page currency",
    "sampleCount" : 2400,
    "errorCount" : 0,
    "errorPct" : 0.0,
    "meanResTime" : 2229.2354166666637,
    "medianResTime" : 2241.5,
    "minResTime" : 114.0,
    "maxResTime" : 8422.0,
    "pct1ResTime" : 3643.0,
    "pct2ResTime" : 3828.0,
    "pct3ResTime" : 4548.799999999996,
    "throughput" : 8.00298778210532,
    "receivedKBytesPerSec" : 71.58017704213741,
    "sentKBytesPerSec" : 2.508749099663875
  },
  "Get single knockout Player details" : {
    "transaction" : "Get single knockout Player details",
    "sampleCount" : 2400,
    "errorCount" : 0,
    "errorPct" : 0.0,
    "meanResTime" : 2216.5845833333356,
    "medianResTime" : 2221.0,
    "minResTime" : 98.0,
    "maxResTime" : 6392.0,
    "pct1ResTime" : 3612.7000000000003,
    "pct2ResTime" : 3809.8999999999996,
    "pct3ResTime" : 4480.859999999997,
    "throughput" : 7.766789209340859,
    "receivedKBytesPerSec" : 9.177553655568788,
    "sentKBytesPerSec" : 2.4726301584425
  },
  "Get knockout players list " : {
    "transaction" : "Get knockout players list ",
    "sampleCount" : 2400,
    "errorCount" : 0,
    "errorPct" : 0.0,
    "meanResTime" : 2258.7245833333327,
    "medianResTime" : 2302.0,
    "minResTime" : 109.0,
    "maxResTime" : 8299.0,
    "pct1ResTime" : 3648.0,
    "pct2ResTime" : 3843.8499999999995,
    "pct3ResTime" : 4584.669999999993,
    "throughput" : 7.787580755590023,
    "receivedKBytesPerSec" : 34.960476760155494,
    "sentKBytesPerSec" : 2.5857201727545
  },
  "Total" : {
    "transaction" : "Total",
    "sampleCount" : 26400,
    "errorCount" : 0,
    "errorPct" : 0.0,
    "meanResTime" : 2205.3614393939283,
    "medianResTime" : 2714.0,
    "minResTime" : 98.0,
    "maxResTime" : 9636.0,
    "pct1ResTime" : 3850.0,
    "pct2ResTime" : 4083.0,
    "pct3ResTime" : 5170.850000000024,
    "throughput" : 84.1412808597709,
    "receivedKBytesPerSec" : 841.6435142440591,
    "sentKBytesPerSec" : 27.623797640219532
  },
  "Get Players list " : {
    "transaction" : "Get Players list ",
    "sampleCount" : 2400,
    "errorCount" : 0,
    "errorPct" : 0.0,
    "meanResTime" : 2405.3695833333345,
    "medianResTime" : 2451.0,
    "minResTime" : 178.0,
    "maxResTime" : 6660.0,
    "pct1ResTime" : 3815.9,
    "pct2ResTime" : 3999.749999999999,
    "pct3ResTime" : 4618.99,
    "throughput" : 7.915410644908083,
    "receivedKBytesPerSec" : 24.890256129496116,
    "sentKBytesPerSec" : 2.6127039042763003
  },
  "Home page " : {
    "transaction" : "Home page ",
    "sampleCount" : 2400,
    "errorCount" : 0,
    "errorPct" : 0.0,
    "meanResTime" : 524.4425000000007,
    "medianResTime" : 456.0,
    "minResTime" : 358.0,
    "maxResTime" : 2936.0,
    "pct1ResTime" : 631.9000000000001,
    "pct2ResTime" : 899.6499999999987,
    "pct3ResTime" : 1944.8799999999974,
    "throughput" : 8.259627628454417,
    "receivedKBytesPerSec" : 24.464307223732664,
    "sentKBytesPerSec" : 2.4924071652269677
  },
  "Get tournament result" : {
    "transaction" : "Get tournament result",
    "sampleCount" : 2400,
    "errorCount" : 0,
    "errorPct" : 0.0,
    "meanResTime" : 2488.386250000004,
    "medianResTime" : 2493.5,
    "minResTime" : 321.0,
    "maxResTime" : 6768.0,
    "pct1ResTime" : 3912.8,
    "pct2ResTime" : 4100.95,
    "pct3ResTime" : 4701.879999999997,
    "throughput" : 7.74863430320406,
    "receivedKBytesPerSec" : 41.11916082895858,
    "sentKBytesPerSec" : 2.5576546821122776
  }
}