{
  "Get playerA_Vs_playerB" : {
    "transaction" : "Get playerA_Vs_playerB",
    "sampleCount" : 2000,
    "errorCount" : 99,
    "errorPct" : 4.95,
    "meanResTime" : 3539.4310000000037,
    "medianResTime" : 3660.5,
    "minResTime" : 1.0,
    "maxResTime" : 9770.0,
    "pct1ResTime" : 5576.0,
    "pct2ResTime" : 5750.95,
    "pct3ResTime" : 6014.99,
    "throughput" : 8.140935881988995,
    "receivedKBytesPerSec" : 9.7062534090169,
    "sentKBytesPerSec" : 2.6900148495758573
  },
  "Get tournamnent list " : {
    "transaction" : "Get tournamnent list ",
    "sampleCount" : 2000,
    "errorCount" : 77,
    "errorPct" : 3.85,
    "meanResTime" : 3859.7814999999996,
    "medianResTime" : 4031.5,
    "minResTime" : 0.0,
    "maxResTime" : 13281.0,
    "pct1ResTime" : 6005.700000000001,
    "pct2ResTime" : 6177.799999999999,
    "pct3ResTime" : 7834.500000000002,
    "throughput" : 8.674230595746158,
    "receivedKBytesPerSec" : 480.2513393893016,
    "sentKBytesPerSec" : 3.168326257058655
  },
  "Get Players schedule" : {
    "transaction" : "Get Players schedule",
    "sampleCount" : 2000,
    "errorCount" : 96,
    "errorPct" : 4.8,
    "meanResTime" : 3899.954500000001,
    "medianResTime" : 4127.5,
    "minResTime" : 0.0,
    "maxResTime" : 8513.0,
    "pct1ResTime" : 5844.9,
    "pct2ResTime" : 5988.799999999999,
    "pct3ResTime" : 6882.650000000001,
    "throughput" : 8.212945244294056,
    "receivedKBytesPerSec" : 41.89530843202556,
    "sentKBytesPerSec" : 2.6829983756334235
  },
  "Get Home page country " : {
    "transaction" : "Get Home page country ",
    "sampleCount" : 2000,
    "errorCount" : 19,
    "errorPct" : 0.95,
    "meanResTime" : 3595.308999999995,
    "medianResTime" : 3787.5,
    "minResTime" : 1.0,
    "maxResTime" : 8936.0,
    "pct1ResTime" : 5641.0,
    "pct2ResTime" : 5789.95,
    "pct3ResTime" : 6524.67,
    "throughput" : 8.863048179529903,
    "receivedKBytesPerSec" : 148.2124486843359,
    "sentKBytesPerSec" : 2.7433903818201153
  },
  "Get Break list " : {
    "transaction" : "Get Break list ",
    "sampleCount" : 2000,
    "errorCount" : 96,
    "errorPct" : 4.8,
    "meanResTime" : 3793.938499999997,
    "medianResTime" : 4047.0,
    "minResTime" : 1.0,
    "maxResTime" : 8432.0,
    "pct1ResTime" : 5766.9,
    "pct2ResTime" : 5912.0,
    "pct3ResTime" : 6753.8200000000015,
    "throughput" : 8.288265887569674,
    "receivedKBytesPerSec" : 25.22776947871988,
    "sentKBytesPerSec" : 2.704953274901059
  },
  "Get Home page currency" : {
    "transaction" : "Get Home page currency",
    "sampleCount" : 2000,
    "errorCount" : 94,
    "errorPct" : 4.7,
    "meanResTime" : 3520.284999999996,
    "medianResTime" : 3818.0,
    "minResTime" : 0.0,
    "maxResTime" : 8428.0,
    "pct1ResTime" : 5634.0,
    "pct2ResTime" : 5837.95,
    "pct3ResTime" : 6706.090000000002,
    "throughput" : 8.544708048687747,
    "receivedKBytesPerSec" : 73.6418612123125,
    "sentKBytesPerSec" : 2.554012401308622
  },
  "Get single knockout Player details" : {
    "transaction" : "Get single knockout Player details",
    "sampleCount" : 2000,
    "errorCount" : 38,
    "errorPct" : 1.9,
    "meanResTime" : 3624.9654999999975,
    "medianResTime" : 3913.5,
    "minResTime" : 1.0,
    "maxResTime" : 8362.0,
    "pct1ResTime" : 5538.0,
    "pct2ResTime" : 5677.549999999998,
    "pct3ResTime" : 5939.0,
    "throughput" : 8.146871804898714,
    "receivedKBytesPerSec" : 9.628540356802434,
    "sentKBytesPerSec" : 2.5736318092572903
  },
  "Get knockout players list " : {
    "transaction" : "Get knockout players list ",
    "sampleCount" : 2000,
    "errorCount" : 23,
    "errorPct" : 1.15,
    "meanResTime" : 3695.4474999999984,
    "medianResTime" : 3977.0,
    "minResTime" : 12.0,
    "maxResTime" : 9088.0,
    "pct1ResTime" : 5590.9,
    "pct2ResTime" : 5728.95,
    "pct3ResTime" : 5948.93,
    "throughput" : 8.170301770095879,
    "receivedKBytesPerSec" : 36.451845230739536,
    "sentKBytesPerSec" : 2.6815983612417225
  },
  "Total" : {
    "transaction" : "Total",
    "sampleCount" : 22000,
    "errorCount" : 760,
    "errorPct" : 3.4545455,
    "meanResTime" : 3415.1075454545253,
    "medianResTime" : 3948.0,
    "minResTime" : 0.0,
    "maxResTime" : 13281.0,
    "pct1ResTime" : 5744.0,
    "pct2ResTime" : 5915.0,
    "pct3ResTime" : 6663.970000000005,
    "throughput" : 87.32723101228139,
    "receivedKBytesPerSec" : 847.8406419444599,
    "sentKBytesPerSec" : 28.19212428079079
  },
  "Get Players list " : {
    "transaction" : "Get Players list ",
    "sampleCount" : 2000,
    "errorCount" : 107,
    "errorPct" : 5.35,
    "meanResTime" : 3724.841000000006,
    "medianResTime" : 3954.5,
    "minResTime" : 0.0,
    "maxResTime" : 8705.0,
    "pct1ResTime" : 5767.9,
    "pct2ResTime" : 5948.499999999998,
    "pct3ResTime" : 6670.510000000001,
    "throughput" : 8.412197686645635,
    "receivedKBytesPerSec" : 25.585177609095688,
    "sentKBytesPerSec" : 2.721970294426919
  },
  "Home page " : {
    "transaction" : "Home page ",
    "sampleCount" : 2000,
    "errorCount" : 25,
    "errorPct" : 1.25,
    "meanResTime" : 494.76599999999917,
    "medianResTime" : 292.0,
    "minResTime" : 120.0,
    "maxResTime" : 7586.0,
    "pct1ResTime" : 595.9000000000001,
    "pct2ResTime" : 1456.7999999999993,
    "pct3ResTime" : 3454.98,
    "throughput" : 9.073339805649061,
    "receivedKBytesPerSec" : 26.773525149880232,
    "sentKBytesPerSec" : 2.703726782174063
  },
  "Get tournament result" : {
    "transaction" : "Get tournament result",
    "sampleCount" : 2000,
    "errorCount" : 86,
    "errorPct" : 4.3,
    "meanResTime" : 3817.463500000006,
    "medianResTime" : 4063.5,
    "minResTime" : 0.0,
    "maxResTime" : 9985.0,
    "pct1ResTime" : 5826.9,
    "pct2ResTime" : 6005.799999999999,
    "pct3ResTime" : 6727.79,
    "throughput" : 8.1190578645254,
    "receivedKBytesPerSec" : 41.549429268290204,
    "sentKBytesPerSec" : 2.6657269385772975
  }
}